Date,IWDA.AS
2009-09-25,16.989999771118164
2009-09-28,16.989999771118164
2009-09-29,16.989999771118164
2009-09-30,16.989999771118164
2009-10-01,16.989999771118164
2009-10-02,16.989999771118164
2009-10-05,16.989999771118164
2009-10-06,16.989999771118164
2009-10-07,16.989999771118164
2009-10-08,16.989999771118164
2009-10-09,16.989999771118164
2009-10-12,16.989999771118164
2009-10-13,16.989999771118164
2009-10-14,17.200000762939453
2009-10-15,17.149999618530273
2009-10-16,17.09000015258789
2009-10-19,17.31999969482422
2009-10-20,17.200000762939453
2009-10-21,17.25
2009-10-22,17.010000228881836
2009-10-23,16.950000762939453
2009-10-26,16.84000015258789
2009-10-27,16.889999389648438
2009-10-28,16.610000610351562
2009-10-29,16.760000228881836
2009-10-30,16.520000457763672
2009-11-02,16.549999237060547
2009-11-03,16.520000457763672
2009-11-04,16.68000030517578
2009-11-05,16.739999771118164
2009-11-06,16.790000915527344
2009-11-09,17.0
2009-11-10,17.06999969482422
2009-11-11,17.149999618530273
2009-11-12,17.139999389648438
2009-11-13,17.200000762939453
2009-11-16,17.3700008392334
2009-11-17,17.360000610351562
2009-11-18,17.260000228881836
2009-11-19,17.040000915527344
2009-11-20,16.989999771118164
2009-11-23,17.25
2009-11-24,17.1299991607666
2009-11-25,17.18000030517578
2009-11-26,17.059999465942383
2009-11-27,16.979999542236328
2009-11-30,16.860000610351562
2009-12-01,17.18000030517578
2009-12-02,17.25
2009-12-03,17.229999542236328
2009-12-04,17.389999389648438
2009-12-07,17.399999618530273
2009-12-08,17.260000228881836
2009-12-09,17.18000030517578
2009-12-10,17.360000610351562
2009-12-11,17.469999313354492
2009-12-14,17.56999969482422
2009-12-15,17.639999389648438
2009-12-16,17.739999771118164
2009-12-17,17.690000534057617
2009-12-18,17.639999389648438
2009-12-21,17.8799991607666
2009-12-22,17.979999542236328
2009-12-23,17.989999771118164
2009-12-24,17.979999542236328
2009-12-28,18.09000015258789
2009-12-29,18.1299991607666
2009-12-30,18.079999923706055
2009-12-31,18.06999969482422
2010-01-04,18.239999771118164
2010-01-05,18.280000686645508
2010-01-06,18.31999969482422
2010-01-07,18.360000610351562
2010-01-08,18.40999984741211
2010-01-11,18.290000915527344
2010-01-12,18.219999313354492
2010-01-13,18.260000228881836
2010-01-14,18.399999618530273
2010-01-15,18.31999969482422
2010-01-18,18.40999984741211
2010-01-19,18.600000381469727
2010-01-20,18.450000762939453
2010-01-21,18.31999969482422
2010-01-22,18.110000610351562
2010-01-25,17.90999984741211
2010-01-26,18.010000228881836
2010-01-27,17.860000610351562
2010-01-28,17.770000457763672
2010-01-29,17.940000534057617
2010-02-01,17.940000534057617
2010-02-02,18.100000381469727
2010-02-03,18.079999923706055
2010-02-04,17.770000457763672
2010-02-05,17.6299991607666
2010-02-08,17.739999771118164
2010-02-09,17.729999542236328
2010-02-10,17.770000457763672
2010-02-11,17.940000534057617
2010-02-12,17.90999984741211
2010-02-15,18.030000686645508
2010-02-16,18.100000381469727
2010-02-17,18.3700008392334
2010-02-18,18.479999542236328
2010-02-19,18.6200008392334
2010-02-22,18.520000457763672
2010-02-23,18.40999984741211
2010-02-24,18.440000534057617
2010-02-25,18.25
2010-02-26,18.3799991607666
2010-03-01,18.690000534057617
2010-03-02,18.799999237060547
2010-03-03,18.719999313354492
2010-03-04,18.790000915527344
2010-03-05,19.010000228881836
2010-03-08,19.049999237060547
2010-03-09,19.139999389648438
2010-03-10,19.1299991607666
2010-03-11,19.06999969482422
2010-03-12,19.06999969482422
2010-03-15,19.059999465942383
2010-03-16,19.15999984741211
2010-03-17,19.350000381469727
2010-03-18,19.40999984741211
2010-03-19,19.420000076293945
2010-03-22,19.450000762939453
2010-03-23,19.579999923706055
2010-03-24,19.75
2010-03-25,19.90999984741211
2010-03-26,19.700000762939453
2010-03-29,19.760000228881836
2010-03-30,19.770000457763672
2010-03-31,19.65999984741211
2010-04-01,19.81999969482422
2010-04-06,20.139999389648438
2010-04-07,20.100000381469727
2010-04-08,20.020000457763672
2010-04-09,20.06999969482422
2010-04-12,20.0
2010-04-13,19.920000076293945
2010-04-14,20.040000915527344
2010-04-15,20.260000228881836
2010-04-16,20.0
2010-04-19,19.915000915527344
2010-04-20,20.204999923706055
2010-04-21,20.204999923706055
2010-04-22,20.09000015258789
2010-04-23,20.229999542236328
2010-04-26,20.424999237060547
2010-04-27,20.0049991607666
2010-04-28,19.959999084472656
2010-04-29,20.21500015258789
2010-04-30,20.09000015258789
2010-05-03,20.135000228881836
2010-05-04,19.84000015258789
2010-05-05,19.889999389648438
2010-05-06,19.895000457763672
2010-05-07,19.18000030517578
2010-05-10,19.96500015258789
2010-05-11,20.079999923706055
2010-05-12,20.264999389648438
2010-05-13,20.40999984741211
2010-05-14,20.020000457763672
2010-05-17,20.014999389648438
2010-05-18,20.114999771118164
2010-05-19,19.600000381469727
2010-05-20,19.21500015258789
2010-05-21,19.010000228881836
2010-05-24,19.184999465942383
2010-05-25,18.780000686645508
2010-05-26,19.280000686645508
2010-05-27,19.479999542236328
2010-05-28,19.5
2010-05-31,19.549999237060547
2010-06-01,19.545000076293945
2010-06-02,19.454999923706055
2010-06-03,19.850000381469727
2010-06-04,19.71500015258789
2010-06-07,19.530000686645508
2010-06-08,19.315000534057617
2010-06-09,19.614999771118164
2010-06-10,19.71500015258789
2010-06-11,19.75
2010-06-14,19.885000228881836
2010-06-15,19.885000228881836
2010-06-16,20.040000915527344
2010-06-17,19.959999084472656
2010-06-18,20.06999969482422
2010-06-21,20.239999771118164
2010-06-22,20.165000915527344
2010-06-23,19.905000686645508
2010-06-24,19.520000457763672
2010-06-25,19.459999084472656
2010-06-28,19.59000015258789
2010-06-29,19.15999984741211
2010-06-30,19.010000228881836
2010-07-01,18.3700008392334
2010-07-02,18.329999923706055
2010-07-05,18.31999969482422
2010-07-06,18.635000228881836
2010-07-07,18.799999237060547
2010-07-08,19.0
2010-07-09,19.170000076293945
2010-07-12,19.28499984741211
2010-07-13,19.469999313354492
2010-07-14,19.454999923706055
2010-07-15,19.079999923706055
2010-07-16,18.815000534057617
2010-07-19,18.6299991607666
2010-07-20,18.71500015258789
2010-07-21,18.9950008392334
2010-07-22,19.200000762939453
2010-07-23,19.295000076293945
2010-07-26,19.329999923706055
2010-07-27,19.389999389648438
2010-07-28,19.334999084472656
2010-07-29,19.174999237060547
2010-07-30,19.209999084472656
2010-08-02,19.5
2010-08-03,19.450000762939453
2010-08-04,19.540000915527344
2010-08-05,19.514999389648438
2010-08-06,19.184999465942383
2010-08-09,19.485000610351562
2010-08-10,19.454999923706055
2010-08-11,19.2450008392334
2010-08-12,19.204999923706055
2010-08-13,19.30500030517578
2010-08-16,19.200000762939453
2010-08-17,19.44499969482422
2010-08-18,19.399999618530273
2010-08-19,19.15999984741211
2010-08-20,19.19499969482422
2010-08-23,19.315000534057617
2010-08-24,19.024999618530273
2010-08-25,18.895000457763672
2010-08-26,18.979999542236328
2010-08-27,19.049999237060547
2010-08-30,19.1299991607666
2010-08-31,19.014999389648438
2010-09-01,19.40999984741211
2010-09-02,19.434999465942383
2010-09-03,19.579999923706055
2010-09-06,19.68000030517578
2010-09-07,19.739999771118164
2010-09-08,19.825000762939453
2010-09-09,19.9950008392334
2010-09-10,19.975000381469727
2010-09-13,20.040000915527344
2010-09-14,19.959999084472656
2010-09-15,19.850000381469727
2010-09-16,19.704999923706055
2010-09-17,19.764999389648438
2010-09-20,19.959999084472656
2010-09-21,19.8799991607666
2010-09-22,19.475000381469727
2010-09-23,19.485000610351562
2010-09-24,19.549999237060547
2010-09-27,19.545000076293945
2010-09-28,19.450000762939453
2010-09-29,19.360000610351562
2010-09-30,19.295000076293945
2010-10-01,19.139999389648438
2010-10-04,19.100000381469727
2010-10-05,19.28499984741211
2010-10-06,19.329999923706055
2010-10-07,19.290000915527344
2010-10-08,19.360000610351562
2010-10-11,19.434999465942383
2010-10-12,19.40999984741211
2010-10-13,19.545000076293945
2010-10-14,19.424999237060547
2010-10-15,19.434999465942383
2010-10-18,19.565000534057617
2010-10-19,19.6299991607666
2010-10-20,19.575000762939453
2010-10-21,19.610000610351562
2010-10-22,19.614999771118164
2010-10-25,19.649999618530273
2010-10-26,19.665000915527344
2010-10-27,19.549999237060547
2010-10-28,19.545000076293945
2010-10-29,19.56999969482422
2010-11-01,19.655000686645508
2010-11-02,19.610000610351562
2010-11-03,19.559999465942383
2010-11-04,19.790000915527344
2010-11-05,20.049999237060547
2010-11-08,20.165000915527344
2010-11-09,20.295000076293945
2010-11-10,20.270000457763672
2010-11-11,20.30500030517578
2010-11-12,20.149999618530273
2010-11-15,20.31999969482422
2010-11-16,19.96500015258789
2010-11-17,20.049999237060547
2010-11-18,20.295000076293945
2010-11-19,20.15999984741211
2010-11-22,20.1299991607666
2010-11-23,20.03499984741211
2010-11-24,20.360000610351562
2010-11-25,20.454999923706055
2010-11-26,20.434999465942383
2010-11-29,20.350000381469727
2010-11-30,20.440000534057617
2010-12-01,20.774999618530273
2010-12-02,20.934999465942383
2010-12-03,20.739999771118164
2010-12-06,20.889999389648438
2010-12-07,20.96500015258789
2010-12-08,20.9950008392334
2010-12-09,21.1200008392334
2010-12-10,21.170000076293945
2010-12-13,21.145000457763672
2010-12-14,21.174999237060547
2010-12-15,21.165000915527344
2010-12-16,21.295000076293945
2010-12-17,21.31999969482422
2010-12-20,21.399999618530273
2010-12-21,21.604999542236328
2010-12-22,21.71500015258789
2010-12-23,21.69499969482422
2010-12-24,21.68000030517578
2010-12-27,21.524999618530273
2010-12-28,21.639999389648438
2010-12-29,21.729999542236328
2010-12-30,21.459999084472656
2011-01-03,21.639999389648438
2011-01-04,21.59000015258789
2011-01-05,21.829999923706055
2011-01-06,22.059999465942383
2011-01-07,22.040000915527344
2011-01-10,21.885000228881836
2011-01-11,22.174999237060547
2011-01-12,22.229999542236328
2011-01-13,21.850000381469727
2011-01-14,21.885000228881836
2011-01-17,21.979999542236328
2011-01-18,21.979999542236328
2011-01-19,21.709999084472656
2011-01-20,21.510000228881836
2011-01-21,21.5
2011-01-24,21.454999923706055
2011-01-25,21.420000076293945
2011-01-26,21.53499984741211
2011-01-27,21.524999618530273
2011-01-28,21.420000076293945
2011-01-31,21.329999923706055
2011-02-01,21.56999969482422
2011-02-02,21.604999542236328
2011-02-03,21.75
2011-02-04,21.899999618530273
2011-02-07,22.145000457763672
2011-02-08,21.9950008392334
2011-02-09,21.920000076293945
2011-02-10,21.989999771118164
2011-02-11,22.170000076293945
2011-02-14,22.325000762939453
2011-02-15,22.28499984741211
2011-02-16,22.360000610351562
2011-02-17,22.34000015258789
2011-02-18,22.329999923706055
2011-02-21,22.079999923706055
2011-02-22,22.0
2011-02-23,21.639999389648438
2011-02-24,21.53499984741211
2011-02-25,21.760000228881836
2011-02-28,21.889999389648438
2011-03-01,21.78499984741211
2011-03-02,21.59000015258789
2011-03-03,21.670000076293945
2011-03-04,21.56999969482422
2011-03-07,21.405000686645508
2011-03-08,21.584999084472656
2011-03-09,21.485000610351562
2011-03-10,21.325000762939453
2011-03-11,21.149999618530273
2011-03-14,20.639999389648438
2011-03-15,20.415000915527344
2011-03-16,20.135000228881836
2011-03-17,20.389999389648438
2011-03-18,20.405000686645508
2011-03-21,20.65999984741211
2011-03-22,20.670000076293945
2011-03-23,20.7450008392334
2011-03-24,20.885000228881836
2011-03-25,21.065000534057617
2011-03-28,21.014999389648438
2011-03-29,21.024999618530273
2011-03-30,21.209999084472656
2011-03-31,21.059999465942383
2011-04-01,21.270000457763672
2011-04-04,21.19499969482422
2011-04-05,21.190000534057617
2011-04-06,21.059999465942383
2011-04-07,21.024999618530273
2011-04-08,21.0
2011-04-11,20.975000381469727
2011-04-12,20.635000228881836
2011-04-13,20.729999542236328
2011-04-14,20.649999618530273
2011-04-15,20.780000686645508
2011-04-18,20.684999465942383
2011-04-19,20.690000534057617
2011-04-20,20.899999618530273
2011-04-21,20.924999237060547
2011-04-26,21.0
2011-04-27,20.94499969482422
2011-04-28,21.0
2011-04-29,21.014999389648438
2011-05-02,21.084999084472656
2011-05-03,20.950000762939453
2011-05-04,20.68000030517578
2011-05-05,20.875
2011-05-06,21.209999084472656
2011-05-09,21.309999465942383
2011-05-10,21.389999389648438
2011-05-11,21.44499969482422
2011-05-12,21.34000015258789
2011-05-13,21.354999542236328
2011-05-16,21.290000915527344
2011-05-17,21.05500030517578
2011-05-18,21.155000686645508
2011-05-19,21.225000381469727
2011-05-20,21.264999389648438
2011-05-23,21.084999084472656
2011-05-24,21.05500030517578
2011-05-25,21.139999389648438
2011-05-26,21.1299991607666
2011-05-27,21.18000030517578
2011-05-30,21.155000686645508
2011-05-31,21.19499969482422
2011-06-01,20.969999313354492
2011-06-02,20.649999618530273
2011-06-03,20.450000762939453
2011-06-06,20.30500030517578
2011-06-07,20.229999542236328
2011-06-08,20.15999984741211
2011-06-09,20.34000015258789
2011-06-10,20.235000610351562
2011-06-13,20.229999542236328
2011-06-14,20.354999542236328
2011-06-15,20.3700008392334
2011-06-16,20.360000610351562
2011-06-17,20.2549991607666
2011-06-20,20.204999923706055
2011-06-21,20.434999465942383
2011-06-22,20.424999237060547
2011-06-23,20.290000915527344
2011-06-24,20.325000762939453
2011-06-27,20.2450008392334
2011-06-28,20.350000381469727
2011-06-29,20.59000015258789
2011-06-30,20.729999542236328
2011-07-01,20.885000228881836
2011-07-04,20.954999923706055
2011-07-05,21.0049991607666
2011-07-06,21.149999618530273
2011-07-07,21.30500030517578
2011-07-08,21.225000381469727
2011-07-11,21.204999923706055
2011-07-12,21.19499969482422
2011-07-13,21.19499969482422
2011-07-14,21.0
2011-07-15,20.985000610351562
2011-07-18,20.825000762939453
2011-07-19,20.950000762939453
2011-07-20,21.104999542236328
2011-07-21,21.125
2011-07-22,21.219999313354492
2011-07-25,21.165000915527344
2011-07-26,20.979999542236328
2011-07-27,20.850000381469727
2011-07-28,20.889999389648438
2011-07-29,20.594999313354492
2011-08-01,20.5049991607666
2011-08-02,20.315000534057617
2011-08-03,19.844999313354492
2011-08-04,19.424999237060547
2011-08-05,18.899999618530273
2011-08-08,18.264999389648438
2011-08-09,18.229999542236328
2011-08-10,17.959999084472656
2011-08-11,18.219999313354492
2011-08-12,18.770000457763672
2011-08-15,18.780000686645508
2011-08-16,18.815000534057617
2011-08-17,18.829999923706055
2011-08-18,18.1299991607666
2011-08-19,17.825000762939453
2011-08-22,17.860000610351562
2011-08-23,18.0049991607666
2011-08-24,18.290000915527344
2011-08-25,18.260000228881836
2011-08-26,18.225000381469727
2011-08-29,18.5
2011-08-30,18.559999465942383
2011-08-31,19.1299991607666
2011-09-01,19.190000534057617
2011-09-02,18.989999771118164
2011-09-05,18.184999465942383
2011-09-06,18.309999465942383
2011-09-07,18.834999084472656
2011-09-08,18.920000076293945
2011-09-09,18.885000228881836
2011-09-12,18.53499984741211
2011-09-13,18.760000228881836
2011-09-14,18.799999237060547
2011-09-15,18.985000610351562
2011-09-16,19.225000381469727
2011-09-19,19.084999084472656
2011-09-20,19.385000228881836
2011-09-21,19.059999465942383
2011-09-22,18.315000534057617
2011-09-23,18.354999542236328
2011-09-26,18.475000381469727
2011-09-27,19.18000030517578
2011-09-28,18.889999389648438
2011-09-29,18.815000534057617
2011-09-30,18.774999618530273
2011-10-03,18.69499969482422
2011-10-04,18.075000762939453
2011-10-05,18.639999389648438
2011-10-06,18.959999084472656
2011-10-07,19.010000228881836
2011-10-10,19.225000381469727
2011-10-11,19.309999465942383
2011-10-12,19.459999084472656
2011-10-13,19.2549991607666
2011-10-14,19.385000228881836
2011-10-17,19.40999984741211
2011-10-18,19.364999771118164
2011-10-19,19.524999618530273
2011-10-20,19.270000457763672
2011-10-21,19.549999237060547
2011-10-24,19.78499984741211
2011-10-25,19.600000381469727
2011-10-26,19.565000534057617
2011-10-27,19.954999923706055
2011-10-28,20.094999313354492
2011-10-31,19.934999465942383
2011-11-01,19.469999313354492
2011-11-02,19.594999313354492
2011-11-03,19.8700008392334
2011-11-04,19.760000228881836
2011-11-07,19.770000457763672
2011-11-08,19.8799991607666
2011-11-09,19.860000610351562
2011-11-10,19.700000762939453
2011-11-11,19.934999465942383
2011-11-14,19.94499969482422
2011-11-15,19.889999389648438
2011-11-16,19.989999771118164
2011-11-17,19.68000030517578
2011-11-18,19.46500015258789
2011-11-21,18.93000030517578
2011-11-22,18.8799991607666
2011-11-23,18.75
2011-11-24,18.729999542236328
2011-11-25,18.934999465942383
2011-11-28,19.354999542236328
2011-11-29,19.485000610351562
2011-11-30,19.985000610351562
2011-12-01,19.954999923706055
2011-12-02,20.229999542236328
2011-12-05,20.31999969482422
2011-12-06,20.235000610351562
2011-12-07,20.239999771118164
2011-12-08,20.110000610351562
2011-12-09,20.19499969482422
2011-12-12,20.014999389648438
2011-12-13,20.295000076293945
2011-12-14,19.934999465942383
2011-12-15,20.0
2011-12-16,20.0
2011-12-19,19.885000228881836
2011-12-20,20.18000030517578
2011-12-21,20.149999618530273
2011-12-22,20.3799991607666
2011-12-23,20.584999084472656
2011-12-27,20.600000381469727
2011-12-28,20.510000228881836
2011-12-29,20.649999618530273
2011-12-30,20.780000686645508
2012-01-02,21.280000686645508
2012-01-03,21.065000534057617
2012-01-04,21.094999313354492
2012-01-05,21.204999923706055
2012-01-06,21.325000762939453
2012-01-09,21.204999923706055
2012-01-10,21.530000686645508
2012-01-11,21.53499984741211
2012-01-12,21.354999542236328
2012-01-13,21.475000381469727
2012-01-16,21.655000686645508
2012-01-17,21.674999237060547
2012-01-18,21.604999542236328
2012-01-19,21.764999389648438
2012-01-20,21.649999618530273
2012-01-23,21.674999237060547
2012-01-24,21.674999237060547
2012-01-25,21.69499969482422
2012-01-26,21.729999542236328
2012-01-27,21.594999313354492
2012-01-30,21.489999771118164
2012-01-31,21.565000534057617
2012-02-01,21.760000228881836
2012-02-02,21.825000762939453
2012-02-03,22.174999237060547
2012-02-06,22.155000686645508
2012-02-07,22.040000915527344
2012-02-08,22.010000228881836
2012-02-09,22.030000686645508
2012-02-10,21.96500015258789
2012-02-13,22.084999084472656
2012-02-14,22.139999389648438
2012-02-15,22.295000076293945
2012-02-16,22.260000228881836
2012-02-17,22.375
2012-02-20,22.40999984741211
2012-02-21,22.350000381469727
2012-02-22,22.225000381469727
2012-02-23,22.170000076293945
2012-02-24,22.094999313354492
2012-02-27,22.135000228881836
2012-02-28,22.170000076293945
2012-02-29,22.200000762939453
2012-03-01,22.364999771118164
2012-03-02,22.510000228881836
2012-03-05,22.270000457763672
2012-03-06,22.014999389648438
2012-03-07,22.125
2012-03-08,22.25
2012-03-09,22.56999969482422
2012-03-12,22.415000915527344
2012-03-13,22.75
2012-03-14,22.954999923706055
2012-03-15,23.0
2012-03-16,22.969999313354492
2012-03-19,22.915000915527344
2012-03-20,22.7450008392334
2012-03-21,22.780000686645508
2012-03-22,22.59000015258789
2012-03-23,22.530000686645508
2012-03-26,22.700000762939453
2012-03-27,22.725000381469727
2012-03-28,22.600000381469727
2012-03-29,22.399999618530273
2012-03-30,22.584999084472656
2012-04-02,22.760000228881836
2012-04-03,22.600000381469727
2012-04-04,22.454999923706055
2012-04-05,22.6200008392334
2012-04-10,22.1299991607666
2012-04-11,22.149999618530273
2012-04-12,22.30500030517578
2012-04-13,22.235000610351562
2012-04-16,22.21500015258789
2012-04-17,22.434999465942383
2012-04-18,22.415000915527344
2012-04-19,22.360000610351562
2012-04-20,22.325000762939453
2012-04-23,22.010000228881836
2012-04-24,22.145000457763672
2012-04-25,22.315000534057617
2012-04-26,22.350000381469727
2012-04-27,22.479999542236328
2012-04-30,22.395000457763672
2012-05-02,22.5
2012-05-03,22.510000228881836
2012-05-04,22.114999771118164
2012-05-07,22.21500015258789
2012-05-08,21.920000076293945
2012-05-09,22.024999618530273
2012-05-10,22.170000076293945
2012-05-11,22.225000381469727
2012-05-14,21.94499969482422
2012-05-15,21.924999237060547
2012-05-16,21.815000534057617
2012-05-17,21.604999542236328
2012-05-18,21.3799991607666
2012-05-21,21.399999618530273
2012-05-22,21.75
2012-05-23,21.479999542236328
2012-05-24,21.7549991607666
2012-05-25,21.84000015258789
2012-05-28,21.854999542236328
2012-05-29,22.030000686645508
2012-05-30,21.864999771118164
2012-05-31,21.829999923706055
2012-06-01,21.415000915527344
2012-06-04,21.170000076293945
2012-06-05,21.360000610351562
2012-06-06,21.739999771118164
2012-06-07,21.864999771118164
2012-06-08,21.844999313354492
2012-06-11,21.889999389648438
2012-06-12,21.959999084472656
2012-06-13,21.84000015258789
2012-06-14,21.829999923706055
2012-06-15,21.979999542236328
2012-06-18,22.1299991607666
2012-06-19,22.28499984741211
2012-06-20,22.28499984741211
2012-06-21,22.239999771118164
2012-06-22,22.094999313354492
2012-06-25,21.834999084472656
2012-06-26,21.934999465942383
2012-06-27,22.219999313354492
2012-06-28,22.094999313354492
2012-06-29,22.395000457763672
2012-07-02,22.6299991607666
2012-07-03,22.8799991607666
2012-07-04,22.764999389648438
2012-07-05,23.139999389648438
2012-07-06,22.920000076293945
2012-07-09,22.8700008392334
2012-07-10,23.0049991607666
2012-07-11,22.924999237060547
2012-07-12,22.7450008392334
2012-07-13,23.045000076293945
2012-07-16,23.014999389648438
2012-07-17,23.030000686645508
2012-07-18,23.28499984741211
2012-07-19,23.434999465942383
2012-07-20,23.290000915527344
2012-07-23,22.934999465942383
2012-07-24,22.924999237060547
2012-07-25,22.799999237060547
2012-07-26,22.969999313354492
2012-07-27,23.219999313354492
2012-07-30,23.55500030517578
2012-07-31,23.450000762939453
2012-08-01,23.469999313354492
2012-08-02,23.34000015258789
2012-08-03,23.575000762939453
2012-08-06,23.600000381469727
2012-08-07,23.7549991607666
2012-08-08,23.84000015258789
2012-08-09,23.9950008392334
2012-08-10,23.915000915527344
2012-08-13,23.809999465942383
2012-08-14,23.989999771118164
2012-08-15,23.975000381469727
2012-08-16,24.020000457763672
2012-08-17,24.184999465942383
2012-08-20,24.084999084472656
2012-08-21,24.045000076293945
2012-08-22,23.780000686645508
2012-08-23,23.59000015258789
2012-08-24,23.670000076293945
2012-08-27,23.80500030517578
2012-08-28,23.600000381469727
2012-08-29,23.59000015258789
2012-08-30,23.459999084472656
2012-08-31,23.594999313354492
2012-09-03,23.399999618530273
2012-09-04,23.344999313354492
2012-09-05,23.354999542236328
2012-09-06,23.799999237060547
2012-09-07,23.670000076293945
2012-09-10,23.655000686645508
2012-09-11,23.649999618530273
2012-09-12,23.600000381469727
2012-09-13,23.625
2012-09-14,23.80500030517578
2012-09-17,23.729999542236328
2012-09-18,23.700000762939453
2012-09-19,23.780000686645508
2012-09-20,23.825000762939453
2012-09-21,23.885000228881836
2012-09-24,23.829999923706055
2012-09-25,23.905000686645508
2012-09-26,23.549999237060547
2012-09-27,23.684999465942383
2012-09-28,23.565000534057617
2012-10-01,23.764999389648438
2012-10-02,23.59000015258789
2012-10-03,23.69499969482422
2012-10-04,23.639999389648438
2012-10-05,23.75
2012-10-08,23.604999542236328
2012-10-09,23.575000762939453
2012-10-10,23.424999237060547
2012-10-11,23.514999389648438
2012-10-12,23.30500030517578
2012-10-15,23.434999465942383
2012-10-16,23.6299991607666
2012-10-17,23.649999618530273
2012-10-18,23.69499969482422
2012-10-19,23.579999923706055
2012-10-22,23.40999984741211
2012-10-23,23.165000915527344
2012-10-24,23.290000915527344
2012-10-25,23.290000915527344
2012-10-26,23.295000076293945
2012-10-29,23.274999618530273
2012-10-30,23.315000534057617
2012-10-31,23.235000610351562
2012-11-01,23.53499984741211
2012-11-02,23.65999984741211
2012-11-05,23.53499984741211
2012-11-06,23.69499969482422
2012-11-07,23.31999969482422
2012-11-08,23.334999084472656
2012-11-09,23.264999389648438
2012-11-12,23.219999313354492
2012-11-13,23.30500030517578
2012-11-14,23.010000228881836
2012-11-15,22.725000381469727
2012-11-16,22.68000030517578
2012-11-19,23.084999084472656
2012-11-20,23.174999237060547
2012-11-21,23.204999923706055
2012-11-22,23.25
2012-11-23,23.30500030517578
2012-11-26,23.229999542236328
2012-11-27,23.31999969482422
2012-11-28,23.274999618530273
2012-11-29,23.5
2012-11-30,23.43000030517578
2012-12-03,23.375
2012-12-04,23.270000457763672
2012-12-05,23.329999923706055
2012-12-06,23.565000534057617
2012-12-07,23.6299991607666
2012-12-10,23.7450008392334
2012-12-11,23.80500030517578
2012-12-12,23.75
2012-12-13,23.600000381469727
2012-12-14,23.440000534057617
2012-12-17,23.489999771118164
2012-12-18,23.625
2012-12-19,23.700000762939453
2012-12-20,23.670000076293945
2012-12-21,23.59000015258789
2012-12-24,23.59000015258789
2012-12-27,23.395000457763672
2012-12-28,23.604999542236328
2012-12-31,23.239999771118164
2013-01-02,24.040000915527344
2013-01-03,24.299999237060547
2013-01-04,24.360000610351562
2013-01-07,24.21500015258789
2013-01-08,24.145000457763672
2013-01-09,24.350000381469727
2013-01-10,24.165000915527344
2013-01-11,24.030000686645508
2013-01-14,24.020000457763672
2013-01-15,24.040000915527344
2013-01-16,24.094999313354492
2013-01-17,24.145000457763672
2013-01-18,24.204999923706055
2013-01-21,24.325000762939453
2013-01-22,24.25
2013-01-23,24.389999389648438
2013-01-24,24.350000381469727
2013-01-25,24.3799991607666
2013-01-28,24.280000686645508
2013-01-29,24.31999969482422
2013-01-30,24.190000534057617
2013-01-31,24.075000762939453
2013-02-01,24.049999237060547
2013-02-04,24.06999969482422
2013-02-05,24.139999389648438
2013-02-06,24.170000076293945
2013-02-07,24.219999313354492
2013-02-08,24.4950008392334
2013-02-11,24.420000076293945
2013-02-12,24.415000915527344
2013-02-13,24.485000610351562
2013-02-14,24.625
2013-02-15,24.565000534057617
2013-02-18,24.549999237060547
2013-02-19,24.674999237060547
2013-02-20,24.69499969482422
2013-02-21,24.514999389648438
2013-02-22,24.739999771118164
2013-02-25,24.774999618530273
2013-02-26,24.610000610351562
2013-02-27,24.885000228881836
2013-02-28,24.979999542236328
2013-03-01,25.114999771118164
2013-03-04,25.110000610351562
2013-03-05,25.46500015258789
2013-03-06,25.489999771118164
2013-03-07,25.40999984741211
2013-03-08,25.639999389648438
2013-03-11,25.65999984741211
2013-03-12,25.6200008392334
2013-03-13,25.75
2013-03-14,25.850000381469727
2013-03-15,25.7549991607666
2013-03-18,25.799999237060547
2013-03-19,25.760000228881836
2013-03-20,25.829999923706055
2013-03-21,25.80500030517578
2013-03-22,25.725000381469727
2013-03-25,25.834999084472656
2013-03-26,25.950000762939453
2013-03-27,26.065000534057617
2013-03-28,26.075000762939453
2013-04-02,26.135000228881836
2013-04-03,26.030000686645508
2013-04-04,25.885000228881836
2013-04-05,25.405000686645508
2013-04-08,25.545000076293945
2013-04-09,25.549999237060547
2013-04-10,25.954999923706055
2013-04-11,26.405000686645508
2013-04-12,25.889999389648438
2013-04-15,25.774999618530273
2013-04-16,25.559999465942383
2013-04-17,25.375
2013-04-18,25.315000534057617
2013-04-19,25.415000915527344
2013-04-22,25.5
2013-04-23,25.985000610351562
2013-04-24,26.114999771118164
2013-04-25,26.290000915527344
2013-04-26,26.149999618530273
2013-04-29,26.200000762939453
2013-04-30,26.174999237060547
2013-05-02,26.354999542236328
2013-05-03,26.575000762939453
2013-05-06,26.614999771118164
2013-05-07,26.65999984741211
2013-05-08,26.69499969482422
2013-05-09,26.795000076293945
2013-05-10,27.05500030517578
2013-05-13,27.024999618530273
2013-05-14,27.209999084472656
2013-05-15,27.520000457763672
2013-05-16,27.485000610351562
2013-05-17,27.610000610351562
2013-05-20,27.729999542236328
2013-05-21,27.68000030517578
2013-05-22,27.844999313354492
2013-05-23,27.149999618530273
2013-05-24,26.979999542236328
2013-05-27,27.104999542236328
2013-05-28,27.399999618530273
2013-05-29,26.864999771118164
2013-05-30,26.899999618530273
2013-05-31,26.850000381469727
2013-06-03,26.270000457763672
2013-06-04,26.53499984741211
2013-06-05,26.06999969482422
2013-06-06,25.760000228881836
2013-06-07,26.190000534057617
2013-06-10,26.209999084472656
2013-06-11,25.985000610351562
2013-06-12,25.770000457763672
2013-06-13,25.700000762939453
2013-06-14,25.80500030517578
2013-06-17,26.079999923706055
2013-06-18,26.049999237060547
2013-06-19,26.045000076293945
2013-06-20,25.46500015258789
2013-06-21,25.28499984741211
2013-06-24,24.9950008392334
2013-06-25,25.405000686645508
2013-06-26,25.770000457763672
2013-06-27,26.03499984741211
2013-06-28,25.975000381469727
2013-07-01,26.1200008392334
2013-07-02,26.155000686645508
2013-07-03,26.0049991607666
2013-07-04,26.510000228881836
2013-07-05,26.395000457763672
2013-07-08,26.665000915527344
2013-07-09,27.03499984741211
2013-07-10,26.93000030517578
2013-07-11,26.934999465942383
2013-07-12,26.959999084472656
2013-07-15,27.110000610351562
2013-07-16,26.84000015258789
2013-07-17,27.020000457763672
2013-07-18,27.229999542236328
2013-07-19,27.100000381469727
2013-07-22,27.125
2013-07-23,27.049999237060547
2013-07-24,27.05500030517578
2013-07-25,26.864999771118164
2013-07-26,26.739999771118164
2013-07-29,26.7549991607666
2013-07-30,26.825000762939453
2013-07-31,26.850000381469727
2013-08-01,27.135000228881836
2013-08-02,27.09000015258789
2013-08-05,27.170000076293945
2013-08-06,26.975000381469727
2013-08-07,26.78499984741211
2013-08-08,26.770000457763672
2013-08-09,26.885000228881836
2013-08-12,26.985000610351562
2013-08-13,27.1200008392334
2013-08-14,27.139999389648438
2013-08-15,26.78499984741211
2013-08-16,26.71500015258789
2013-08-19,26.565000534057617
2013-08-20,26.354999542236328
2013-08-21,26.280000686645508
2013-08-22,26.424999237060547
2013-08-23,26.5049991607666
2013-08-26,26.6200008392334
2013-08-27,26.184999465942383
2013-08-28,26.174999237060547
2013-08-29,26.485000610351562
2013-08-30,26.229999542236328
2013-09-02,26.690000534057617
2013-09-03,26.610000610351562
2013-09-04,26.684999465942383
2013-09-05,26.940000534057617
2013-09-06,26.975000381469727
2013-09-09,26.920000076293945
2013-09-10,27.229999542236328
2013-09-11,27.184999465942383
2013-09-12,27.184999465942383
2013-09-13,27.264999389648438
2013-09-16,27.420000076293945
2013-09-17,27.375
2013-09-18,27.415000915527344
2013-09-19,27.46500015258789
2013-09-20,27.40999984741211
2013-09-23,27.239999771118164
2013-09-24,27.315000534057617
2013-09-25,27.209999084472656
2013-09-26,27.260000228881836
2013-09-27,27.100000381469727
2013-09-30,27.0
2013-10-01,27.135000228881836
2013-10-02,26.889999389648438
2013-10-03,26.71500015258789
2013-10-04,26.829999923706055
2013-10-07,26.795000076293945
2013-10-08,26.545000076293945
2013-10-09,26.5
2013-10-10,26.979999542236328
2013-10-11,27.110000610351562
2013-10-14,27.09000015258789
2013-10-15,27.43000030517578
2013-10-16,27.524999618530273
2013-10-17,27.389999389648438
2013-10-18,27.565000534057617
2013-10-21,27.635000228881836
2013-10-22,27.6299991607666
2013-10-23,27.459999084472656
2013-10-24,27.530000686645508
2013-10-25,27.549999237060547
2013-10-28,27.610000610351562
2013-10-29,27.770000457763672
2013-10-30,27.71500015258789
2013-10-31,28.020000457763672
2013-11-01,27.985000610351562
2013-11-04,28.020000457763672
2013-11-05,28.059999465942383
2013-11-06,28.100000381469727
2013-11-07,28.19499969482422
2013-11-08,28.235000610351562
2013-11-11,28.295000076293945
2013-11-12,28.19499969482422
2013-11-13,28.114999771118164
2013-11-14,28.354999542236328
2013-11-15,28.5
2013-11-18,28.5
2013-11-19,28.334999084472656
2013-11-20,28.469999313354492
2013-11-21,28.415000915527344
2013-11-22,28.385000228881836
2013-11-25,28.510000228881836
2013-11-26,28.325000762939453
2013-11-27,28.375
2013-11-28,28.385000228881836
2013-11-29,28.3700008392334
2013-12-02,28.40999984741211
2013-12-03,28.049999237060547
2013-12-04,28.065000534057617
2013-12-05,27.735000610351562
2013-12-06,27.920000076293945
2013-12-09,27.954999923706055
2013-12-10,27.7549991607666
2013-12-11,27.540000915527344
2013-12-12,27.389999389648438
2013-12-13,27.389999389648438
2013-12-16,27.59000015258789
2013-12-17,27.399999618530273
2013-12-18,27.510000228881836
2013-12-19,28.010000228881836
2013-12-20,28.229999542236328
2013-12-23,28.354999542236328
2013-12-24,28.395000457763672
2013-12-27,28.514999389648438
2013-12-30,28.454999923706055
2013-12-31,28.540000915527344
2014-01-02,28.600000381469727
2014-01-03,28.645000457763672
2014-01-06,28.489999771118164
2014-01-07,28.735000610351562
2014-01-08,28.780000686645508
2014-01-09,28.649999618530273
2014-01-10,28.625
2014-01-13,28.735000610351562
2014-01-14,28.614999771118164
2014-01-15,28.96500015258789
2014-01-16,28.889999389648438
2014-01-17,29.06999969482422
2014-01-20,29.0049991607666
2014-01-21,28.975000381469727
2014-01-22,29.03499984741211
2014-01-23,28.579999923706055
2014-01-24,28.075000762939453
2014-01-27,27.81999969482422
2014-01-28,27.94499969482422
2014-01-29,27.885000228881836
2014-01-30,28.149999618530273
2014-01-31,28.024999618530273
2014-02-03,27.639999389648438
2014-02-04,27.579999923706055
2014-02-05,27.5049991607666
2014-02-06,27.780000686645508
2014-02-07,28.020000457763672
2014-02-10,28.06999969482422
2014-02-11,28.350000381469727
2014-02-12,28.59000015258789
2014-02-13,28.485000610351562
2014-02-14,28.614999771118164
2014-02-17,28.674999237060547
2014-02-18,28.684999465942383
2014-02-19,28.69499969482422
2014-02-20,28.65999984741211
2014-02-21,28.795000076293945
2014-02-24,28.959999084472656
2014-02-25,28.889999389648438
2014-02-26,28.969999313354492
2014-02-27,28.864999771118164
2014-02-28,28.915000915527344
2014-03-03,28.475000381469727
2014-03-04,29.020000457763672
2014-03-05,29.03499984741211
2014-03-06,29.0
2014-03-07,28.764999389648438
2014-03-10,28.700000762939453
2014-03-11,28.684999465942383
2014-03-12,28.43000030517578
2014-03-13,28.2549991607666
2014-03-14,28.075000762939453
2014-03-17,28.30500030517578
2014-03-18,28.46500015258789
2014-03-19,28.44499969482422
2014-03-20,28.575000762939453
2014-03-21,28.649999618530273
2014-03-24,28.31999969482422
2014-03-25,28.55500030517578
2014-03-26,28.719999313354492
2014-03-27,28.639999389648438
2014-03-28,28.875
2014-03-31,28.920000076293945
2014-04-01,29.014999389648438
2014-04-02,29.209999084472656
2014-04-03,29.270000457763672
2014-04-04,29.360000610351562
2014-04-07,28.864999771118164
2014-04-08,28.69499969482422
2014-04-09,28.774999618530273
2014-04-10,28.625
2014-04-11,28.2450008392334
2014-04-14,28.440000534057617
2014-04-15,28.31999969482422
2014-04-16,28.674999237060547
2014-04-17,28.78499984741211
2014-04-22,29.1200008392334
2014-04-23,29.024999618530273
2014-04-24,29.03499984741211
2014-04-25,28.795000076293945
2014-04-28,28.81999969482422
2014-04-29,29.100000381469727
2014-04-30,29.024999618530273
2014-05-02,29.114999771118164
2014-05-05,29.059999465942383
2014-05-06,28.920000076293945
2014-05-07,28.8700008392334
2014-05-08,29.19499969482422
2014-05-09,29.155000686645508
2014-05-12,29.44499969482422
2014-05-13,29.635000228881836
2014-05-14,29.594999313354492
2014-05-15,29.25
2014-05-16,29.3700008392334
2014-05-19,29.415000915527344
2014-05-20,29.389999389648438
2014-05-21,29.53499984741211
2014-05-22,29.729999542236328
2014-05-23,29.81999969482422
2014-05-26,29.969999313354492
2014-05-27,30.024999618530273
2014-05-28,30.05500030517578
2014-05-29,30.104999542236328
2014-05-30,30.084999084472656
2014-06-02,30.25
2014-06-03,30.155000686645508
2014-06-04,30.21500015258789
2014-06-05,30.334999084472656
2014-06-06,30.485000610351562
2014-06-09,30.670000076293945
2014-06-10,30.69499969482422
2014-06-11,30.649999618530273
2014-06-12,30.604999542236328
2014-06-13,30.584999084472656
2014-06-16,30.440000534057617
2014-06-17,30.584999084472656
2014-06-18,30.575000762939453
2014-06-19,30.735000610351562
2014-06-20,30.875
2014-06-23,30.764999389648438
2014-06-24,30.850000381469727
2014-06-25,30.545000076293945
2014-06-26,30.579999923706055
2014-06-27,30.575000762939453
2014-06-30,30.55500030517578
2014-07-01,30.780000686645508
2014-07-02,30.875
2014-07-03,31.100000381469727
2014-07-04,31.110000610351562
2014-07-07,30.924999237060547
2014-07-08,30.639999389648438
2014-07-09,30.700000762939453
2014-07-10,30.55500030517578
2014-07-11,30.59000015258789
2014-07-14,30.809999465942383
2014-07-15,30.790000915527344
2014-07-16,31.040000915527344
2014-07-17,30.915000915527344
2014-07-18,30.94499969482422
2014-07-21,30.850000381469727
2014-07-22,31.219999313354492
2014-07-23,31.280000686645508
2014-07-24,31.350000381469727
2014-07-25,31.219999313354492
2014-07-28,31.200000762939453
2014-07-29,31.25
2014-07-30,31.209999084472656
2014-07-31,30.81999969482422
2014-08-01,30.459999084472656
2014-08-04,30.485000610351562
2014-08-05,30.604999542236328
2014-08-06,30.475000381469727
2014-08-07,30.360000610351562
2014-08-08,30.155000686645508
2014-08-11,30.6200008392334
2014-08-12,30.530000686645508
2014-08-13,30.75
2014-08-14,30.795000076293945
2014-08-15,30.674999237060547
2014-08-18,31.100000381469727
2014-08-19,31.28499984741211
2014-08-20,31.3799991607666
2014-08-21,31.53499984741211
2014-08-22,31.559999465942383
2014-08-25,31.875
2014-08-26,31.915000915527344
2014-08-27,31.8799991607666
2014-08-28,31.809999465942383
2014-08-29,31.934999465942383
2014-09-01,32.01499938964844
2014-09-02,32.040000915527344
2014-09-03,32.099998474121094
2014-09-04,32.54999923706055
2014-09-05,32.36000061035156
2014-09-08,32.439998626708984
2014-09-09,32.345001220703125
2014-09-10,32.29499816894531
2014-09-11,32.26499938964844
2014-09-12,32.189998626708984
2014-09-15,32.06999969482422
2014-09-16,32.165000915527344
2014-09-17,32.220001220703125
2014-09-18,32.51499938964844
2014-09-19,32.65999984741211
2014-09-22,32.44499969482422
2014-09-23,32.185001373291016
2014-09-24,32.435001373291016
2014-09-25,32.23500061035156
2014-09-26,32.30500030517578
2014-09-29,32.29499816894531
2014-09-30,32.53499984741211
2014-10-01,32.22999954223633
2014-10-02,31.575000762939453
2014-10-03,32.279998779296875
2014-10-06,32.2599983215332
2014-10-07,31.81999969482422
2014-10-08,31.485000610351562
2014-10-09,31.625
2014-10-10,31.149999618530273
2014-10-13,30.885000228881836
2014-10-14,30.78499984741211
2014-10-15,29.875
2014-10-16,30.014999389648438
2014-10-17,30.655000686645508
2014-10-20,30.579999923706055
2014-10-21,31.2450008392334
2014-10-22,31.625
2014-10-23,31.7549991607666
2014-10-24,31.704999923706055
2014-10-27,31.565000534057617
2014-10-28,31.7549991607666
2014-10-29,31.875
2014-10-30,32.244998931884766
2014-10-31,32.91999816894531
2014-11-03,33.0
2014-11-04,32.540000915527344
2014-11-05,32.959999084472656
2014-11-06,33.165000915527344
2014-11-07,33.21500015258789
2014-11-10,33.334999084472656
2014-11-11,33.35499954223633
2014-11-12,33.185001373291016
2014-11-13,33.21500015258789
2014-11-14,33.20500183105469
2014-11-17,33.21500015258789
2014-11-18,33.314998626708984
2014-11-19,33.17499923706055
2014-11-20,33.275001525878906
2014-11-21,33.904998779296875
2014-11-24,33.81999969482422
2014-11-25,33.76499938964844
2014-11-26,33.7400016784668
2014-11-27,33.81999969482422
2014-11-28,33.849998474121094
2014-12-01,33.5
2014-12-02,33.845001220703125
2014-12-03,34.14500045776367
2014-12-04,33.685001373291016
2014-12-05,34.21500015258789
2014-12-08,34.07500076293945
2014-12-09,33.310001373291016
2014-12-10,33.209999084472656
2014-12-11,33.380001068115234
2014-12-12,32.560001373291016
2014-12-15,32.084999084472656
2014-12-16,32.474998474121094
2014-12-17,32.39500045776367
2014-12-18,33.435001373291016
2014-12-19,33.91999816894531
2014-12-22,33.994998931884766
2014-12-23,34.31999969482422
2014-12-24,34.369998931884766
2014-12-29,34.44499969482422
2014-12-30,34.23500061035156
2014-12-31,34.3650016784668
2015-01-02,34.25
2015-01-05,33.875
2015-01-06,33.54999923706055
2015-01-07,34.04499816894531
2015-01-08,34.77000045776367
2015-01-09,34.415000915527344
2015-01-12,34.34000015258789
2015-01-13,34.76499938964844
2015-01-14,34.0099983215332
2015-01-15,34.80500030517578
2015-01-16,35.064998626708984
2015-01-19,35.0099983215332
2015-01-20,35.165000915527344
2015-01-21,35.439998626708984
2015-01-22,36.10499954223633
2015-01-23,36.71500015258789
2015-01-26,36.720001220703125
2015-01-27,36.224998474121094
2015-01-28,36.35499954223633
2015-01-29,36.01499938964844
2015-01-30,36.11000061035156
2015-02-02,36.064998626708984
2015-02-03,36.08000183105469
2015-02-04,36.5
2015-02-05,36.64500045776367
2015-02-06,36.974998474121094
2015-02-09,36.73500061035156
2015-02-10,36.849998474121094
2015-02-11,36.95000076293945
2015-02-12,37.005001068115234
2015-02-13,37.23500061035156
2015-02-16,37.29499816894531
2015-02-17,37.314998626708984
2015-02-18,37.54999923706055
2015-02-19,37.55500030517578
2015-02-20,37.60499954223633
2015-02-23,37.84000015258789
2015-02-24,38.029998779296875
2015-02-25,37.959999084472656
2015-02-26,38.42499923706055
2015-02-27,38.39500045776367
2015-03-02,38.51499938964844
2015-03-03,38.22999954223633
2015-03-04,38.56999969482422
2015-03-05,38.86000061035156
2015-03-06,39.03499984741211
2015-03-09,38.94499969482422
2015-03-10,38.82500076293945
2015-03-11,39.345001220703125
2015-03-12,39.54499816894531
2015-03-13,39.61000061035156
2015-03-16,39.83000183105469
2015-03-17,39.709999084472656
2015-03-18,39.650001525878906
2015-03-19,39.95500183105469
2015-03-20,39.845001220703125
2015-03-23,39.57500076293945
2015-03-24,39.58000183105469
2015-03-25,38.939998626708984
2015-03-26,38.86000061035156
2015-03-27,38.845001220703125
2015-03-30,39.494998931884766
2015-03-31,39.560001373291016
2015-04-01,39.244998931884766
2015-04-02,39.16999816894531
2015-04-07,39.724998474121094
2015-04-08,39.79999923706055
2015-04-09,40.2400016784668
2015-04-10,40.81999969482422
2015-04-13,40.900001525878906
2015-04-14,40.525001525878906
2015-04-15,40.91999816894531
2015-04-16,40.53499984741211
2015-04-17,39.880001068115234
2015-04-20,40.30500030517578
2015-04-21,40.369998931884766
2015-04-22,40.470001220703125
2015-04-23,40.34000015258789
2015-04-24,40.3650016784668
2015-04-27,40.44499969482422
2015-04-28,39.970001220703125
2015-04-29,39.185001373291016
2015-04-30,38.8849983215332
2015-05-04,39.20000076293945
2015-05-05,38.625
2015-05-06,38.1150016784668
2015-05-07,38.27000045776367
2015-05-08,39.084999084472656
2015-05-11,39.21500015258789
2015-05-12,38.744998931884766
2015-05-13,38.46500015258789
2015-05-14,38.720001220703125
2015-05-15,38.540000915527344
2015-05-18,38.875
2015-05-19,39.625
2015-05-20,39.76499938964844
2015-05-21,39.810001373291016
2015-05-22,39.98500061035156
2015-05-25,40.154998779296875
2015-05-26,40.005001068115234
2015-05-27,40.22999954223633
2015-05-28,40.11000061035156
2015-05-29,39.54999923706055
2015-06-01,39.79499816894531
2015-06-02,39.130001068115234
2015-06-03,38.92499923706055
2015-06-04,38.55500030517578
2015-06-05,38.744998931884766
2015-06-08,38.275001525878906
2015-06-09,38.02000045776367
2015-06-10,38.439998626708984
2015-06-11,38.720001220703125
2015-06-12,38.40999984741211
2015-06-15,38.150001525878906
2015-06-16,38.31999969482422
2015-06-17,38.28499984741211
2015-06-18,38.244998931884766
2015-06-19,38.415000915527344
2015-06-22,38.685001373291016
2015-06-23,39.279998779296875
2015-06-24,39.189998626708984
2015-06-25,39.08000183105469
2015-06-26,39.040000915527344
2015-06-29,38.255001068115234
2015-06-30,38.119998931884766
2015-07-01,38.6150016784668
2015-07-02,38.52000045776367
2015-07-03,38.42499923706055
2015-07-06,38.32500076293945
2015-07-07,38.099998474121094
2015-07-08,37.810001373291016
2015-07-09,38.2400016784668
2015-07-10,38.314998626708984
2015-07-13,39.119998931884766
2015-07-14,39.3650016784668
2015-07-15,39.59000015258789
2015-07-16,40.04999923706055
2015-07-17,40.165000915527344
2015-07-20,40.2599983215332
2015-07-21,39.849998474121094
2015-07-22,39.689998626708984
2015-07-23,39.415000915527344
2015-07-24,39.119998931884766
2015-07-27,38.209999084472656
2015-07-28,38.63999938964844
2015-07-29,39.07500076293945
2015-07-30,39.40999984741211
2015-07-31,39.275001525878906
2015-08-03,39.43000030517578
2015-08-04,39.35499954223633
2015-08-05,39.915000915527344
2015-08-06,39.345001220703125
2015-08-07,39.01499938964844
2015-08-10,39.39500045776367
2015-08-11,38.709999084472656
2015-08-12,37.78499984741211
2015-08-13,38.345001220703125
2015-08-14,38.41999816894531
2015-08-17,38.66999816894531
2015-08-18,38.814998626708984
2015-08-19,38.17499923706055
2015-08-20,37.345001220703125
2015-08-21,35.875
2015-08-24,33.63999938964844
2015-08-25,34.939998626708984
2015-08-26,34.209999084472656
2015-08-27,36.0
2015-08-28,36.38999938964844
2015-08-31,36.099998474121094
2015-09-01,35.08000183105469
2015-09-02,35.04499816894531
2015-09-03,36.099998474121094
2015-09-04,35.23500061035156
2015-09-07,35.310001373291016
2015-09-08,35.60499954223633
2015-09-09,36.119998931884766
2015-09-10,35.40999984741211
2015-09-11,35.084999084472656
2015-09-14,35.185001373291016
2015-09-15,35.5099983215332
2015-09-16,35.915000915527344
2015-09-17,35.939998626708984
2015-09-18,35.28499984741211
2015-09-21,35.790000915527344
2015-09-22,35.06999969482422
2015-09-23,35.07500076293945
2015-09-24,34.314998626708984
2015-09-25,35.220001220703125
2015-09-28,34.30500030517578
2015-09-29,33.96500015258789
2015-09-30,34.84000015258789
2015-10-01,34.709999084472656
2015-10-02,34.654998779296875
2015-10-05,35.8849983215332
2015-10-06,35.88999938964844
2015-10-07,35.98500061035156
2015-10-08,36.130001068115234
2015-10-09,36.255001068115234
2015-10-12,36.185001373291016
2015-10-13,36.064998626708984
2015-10-14,35.51499938964844
2015-10-15,35.93000030517578
2015-10-16,36.400001525878906
2015-10-19,36.48500061035156
2015-10-20,36.3849983215332
2015-10-21,36.43000030517578
2015-10-22,37.26499938964844
2015-10-23,38.084999084472656
2015-10-26,38.0099983215332
2015-10-27,37.72999954223633
2015-10-28,38.04999923706055
2015-10-29,38.31999969482422
2015-10-30,38.150001525878906
2015-11-02,38.209999084472656
2015-11-03,38.630001068115234
2015-11-04,38.875
2015-11-05,38.744998931884766
2015-11-06,38.994998931884766
2015-11-09,38.60499954223633
2015-11-10,38.8650016784668
2015-11-11,38.89500045776367
2015-11-12,38.40999984741211
2015-11-13,38.06999969482422
2015-11-16,38.11000061035156
2015-11-17,39.064998626708984
2015-11-18,39.060001373291016
2015-11-19,39.064998626708984
2015-11-20,39.459999084472656
2015-11-23,39.57500076293945
2015-11-24,39.189998626708984
2015-11-25,39.525001525878906
2015-11-26,39.73500061035156
2015-11-27,39.6150016784668
2015-11-30,39.650001525878906
2015-12-01,39.630001068115234
2015-12-02,39.79499816894531
2015-12-03,38.244998931884766
2015-12-04,38.27000045776367
2015-12-07,38.30500030517578
2015-12-08,37.88999938964844
2015-12-09,37.61000061035156
2015-12-10,37.564998626708984
2015-12-11,36.779998779296875
2015-12-14,36.17499923706055
2015-12-15,37.28499984741211
2015-12-16,37.3849983215332
2015-12-17,37.84000015258789
2015-12-18,37.345001220703125
2015-12-21,36.845001220703125
2015-12-22,36.95000076293945
2015-12-23,37.92499923706055
2015-12-24,37.810001373291016
2015-12-28,37.415000915527344
2015-12-29,38.185001373291016
2015-12-30,38.05500030517578
2016-01-04,37.060001373291016
2016-01-05,37.54499816894531
2016-01-06,37.06999969482422
2016-01-07,36.150001525878906
2016-01-08,35.369998931884766
2016-01-11,35.18000030517578
2016-01-12,35.5099983215332
2016-01-13,35.67499923706055
2016-01-14,35.064998626708984
2016-01-15,34.20500183105469
2016-01-18,34.32500076293945
2016-01-19,34.630001068115234
2016-01-20,33.46500015258789
2016-01-21,34.345001220703125
2016-01-22,35.02000045776367
2016-01-25,34.86000061035156
2016-01-26,34.91999816894531
2016-01-27,35.084999084472656
2016-01-28,34.4900016784668
2016-01-29,35.470001220703125
2016-02-01,35.459999084472656
2016-02-02,35.025001525878906
2016-02-03,34.13999938964844
2016-02-04,34.130001068115234
2016-02-05,33.845001220703125
2016-02-08,32.88999938964844
2016-02-09,32.5099983215332
2016-02-10,32.96500015258789
2016-02-11,31.71500015258789
2016-02-12,32.79499816894531
2016-02-15,33.64500045776367
2016-02-16,33.584999084472656
2016-02-17,34.39500045776367
2016-02-18,34.474998474121094
2016-02-19,34.279998779296875
2016-02-22,35.02000045776367
2016-02-23,34.619998931884766
2016-02-24,33.994998931884766
2016-02-25,34.66999816894531
2016-02-26,35.345001220703125
2016-02-29,35.55500030517578
2016-03-01,35.875
2016-03-02,36.25
2016-03-03,36.02000045776367
2016-03-04,36.26499938964844
2016-03-07,36.2400016784668
2016-03-08,35.814998626708984
2016-03-09,35.98500061035156
2016-03-10,35.22999954223633
2016-03-11,36.095001220703125
2016-03-14,36.310001373291016
2016-03-15,36.025001525878906
2016-03-16,36.18000030517578
2016-03-17,35.98500061035156
2016-03-18,36.19499969482422
2016-03-21,36.22999954223633
2016-03-22,36.404998779296875
2016-03-23,36.33000183105469
2016-03-24,35.880001068115234
2016-03-29,36.03499984741211
2016-03-30,36.23500061035156
2016-03-31,35.98500061035156
2016-04-01,35.755001068115234
2016-04-04,35.845001220703125
2016-04-05,35.314998626708984
2016-04-06,35.52000045776367
2016-04-07,35.380001068115234
2016-04-08,35.61000061035156
2016-04-11,35.60499954223633
2016-04-12,35.8849983215332
2016-04-13,36.72999954223633
2016-04-14,36.96500015258789
2016-04-15,36.79499816894531
2016-04-18,36.83000183105469
2016-04-19,37.084999084472656
2016-04-20,37.32500076293945
2016-04-21,37.28499984741211
2016-04-22,37.275001525878906
2016-04-25,37.064998626708984
2016-04-26,37.084999084472656
2016-04-27,37.099998474121094
2016-04-28,37.125
2016-04-29,36.05500030517578
2016-05-02,36.18000030517578
2016-05-03,35.7400016784668
2016-05-04,35.560001373291016
2016-05-05,35.880001068115234
2016-05-06,35.70500183105469
2016-05-09,35.880001068115234
2016-05-10,36.31999969482422
2016-05-11,36.154998779296875
2016-05-12,36.0099983215332
2016-05-13,36.3849983215332
2016-05-16,36.28499984741211
2016-05-17,36.28499984741211
2016-05-18,36.40999984741211
2016-05-19,36.099998474121094
2016-05-20,36.595001220703125
2016-05-23,36.48500061035156
2016-05-24,37.099998474121094
2016-05-25,37.404998779296875
2016-05-26,37.375
2016-05-27,37.595001220703125
2016-05-30,37.70000076293945
2016-05-31,37.525001525878906
2016-06-01,37.279998779296875
2016-06-02,37.380001068115234
2016-06-03,36.88999938964844
2016-06-06,37.099998474121094
2016-06-07,37.39500045776367
2016-06-08,37.23500061035156
2016-06-09,37.185001373291016
2016-06-10,36.90999984741211
2016-06-13,36.54999923706055
2016-06-14,36.25
2016-06-15,36.39500045776367
2016-06-16,36.31999969482422
2016-06-17,36.244998931884766
2016-06-20,36.93000030517578
2016-06-21,37.0099983215332
2016-06-22,37.08000183105469
2016-06-23,37.22999954223633
2016-06-24,36.525001525878906
2016-06-27,35.71500015258789
2016-06-28,36.084999084472656
2016-06-29,36.790000915527344
2016-06-30,37.11000061035156
2016-07-01,37.314998626708984
2016-07-04,37.314998626708984
2016-07-05,37.064998626708984
2016-07-06,36.90999984741211
2016-07-07,37.220001220703125
2016-07-08,37.72999954223633
2016-07-11,38.154998779296875
2016-07-12,38.36000061035156
2016-07-13,38.165000915527344
2016-07-14,38.470001220703125
2016-07-15,38.52000045776367
2016-07-18,38.53499984741211
2016-07-19,38.630001068115234
2016-07-20,38.904998779296875
2016-07-21,38.85499954223633
2016-07-22,38.904998779296875
2016-07-25,38.83000183105469
2016-07-26,38.82500076293945
2016-07-27,38.8849983215332
2016-07-28,38.45000076293945
2016-07-29,38.564998626708984
2016-08-01,38.540000915527344
2016-08-02,37.95500183105469
2016-08-03,38.150001525878906
2016-08-04,38.45500183105469
2016-08-05,38.900001525878906
2016-08-08,38.959999084472656
2016-08-09,39.064998626708984
2016-08-10,38.7599983215332
2016-08-11,39.0
2016-08-12,38.95000076293945
2016-08-15,39.0099983215332
2016-08-16,38.58000183105469
2016-08-17,38.345001220703125
2016-08-18,38.470001220703125
2016-08-19,38.3650016784668
2016-08-22,38.345001220703125
2016-08-23,38.59000015258789
2016-08-24,38.689998626708984
2016-08-25,38.525001525878906
2016-08-26,38.665000915527344
2016-08-29,38.79499816894531
2016-08-30,38.84000015258789
2016-08-31,38.67499923706055
2016-09-01,38.54999923706055
2016-09-02,39.07500076293945
2016-09-05,39.1349983215332
2016-09-06,38.91999816894531
2016-09-07,38.994998931884766
2016-09-08,38.869998931884766
2016-09-09,38.51499938964844
2016-09-12,38.130001068115234
2016-09-13,37.790000915527344
2016-09-14,37.78499984741211
2016-09-15,38.099998474121094
2016-09-16,38.095001220703125
2016-09-19,38.35499954223633
2016-09-20,38.36000061035156
2016-09-21,38.564998626708984
2016-09-22,38.935001373291016
2016-09-23,38.81999969482422
2016-09-26,38.224998474121094
2016-09-27,38.53499984741211
2016-09-28,38.55500030517578
2016-09-29,38.65999984741211
2016-09-30,38.70000076293945
2016-10-03,38.6349983215332
2016-10-04,38.86000061035156
2016-10-05,38.720001220703125
2016-10-06,38.650001525878906
2016-10-07,38.540000915527344
2016-10-10,38.849998474121094
2016-10-11,38.70000076293945
2016-10-12,38.77000045776367
2016-10-13,38.45000076293945
2016-10-14,38.8650016784668
2016-10-17,38.689998626708984
2016-10-18,39.0
2016-10-19,39.20000076293945
2016-10-20,39.209999084472656
2016-10-21,39.34000015258789
2016-10-24,39.46500015258789
2016-10-25,39.369998931884766
2016-10-26,39.275001525878906
2016-10-27,39.185001373291016
2016-10-28,39.10499954223633
2016-10-31,38.904998779296875
2016-11-01,38.349998474121094
2016-11-02,37.935001373291016
2016-11-03,37.849998474121094
2016-11-04,37.724998474121094
2016-11-07,38.42499923706055
2016-11-08,38.61000061035156
2016-11-09,39.20000076293945
2016-11-10,39.41999816894531
2016-11-11,39.334999084472656
2016-11-14,39.775001525878906
2016-11-15,39.92499923706055
2016-11-16,40.1349983215332
2016-11-17,40.39500045776367
2016-11-18,40.435001373291016
2016-11-21,40.60499954223633
2016-11-22,40.619998931884766
2016-11-23,40.810001373291016
2016-11-24,40.95500183105469
2016-11-25,40.904998779296875
2016-11-28,40.85499954223633
2016-11-29,40.845001220703125
2016-11-30,41.01499938964844
2016-12-01,40.619998931884766
2016-12-02,40.459999084472656
2016-12-05,40.51499938964844
2016-12-06,40.54999923706055
2016-12-07,40.779998779296875
2016-12-08,41.67499923706055
2016-12-09,42.1150016784668
2016-12-12,41.96500015258789
2016-12-13,42.01499938964844
2016-12-14,41.93000030517578
2016-12-15,42.744998931884766
2016-12-16,42.4900016784668
2016-12-19,42.53499984741211
2016-12-20,42.880001068115234
2016-12-21,42.685001373291016
2016-12-22,42.439998626708984
2016-12-23,42.4900016784668
2016-12-27,42.54499816894531
2016-12-28,42.709999084472656
2016-12-29,42.21500015258789
2016-12-30,42.029998779296875
2017-01-02,42.52000045776367
2017-01-03,42.630001068115234
2017-01-04,42.75
2017-01-05,42.42499923706055
2017-01-06,42.665000915527344
2017-01-09,42.54999923706055
2017-01-10,42.56999969482422
2017-01-11,42.73500061035156
2017-01-12,42.125
2017-01-13,42.61000061035156
2017-01-16,42.470001220703125
2017-01-17,42.095001220703125
2017-01-18,42.20000076293945
2017-01-19,42.31999969482422
2017-01-20,42.279998779296875
2017-01-23,41.875
2017-01-24,42.0
2017-01-25,42.4900016784668
2017-01-26,42.80500030517578
2017-01-27,42.6150016784668
2017-01-30,42.20000076293945
2017-01-31,41.78499984741211
2017-02-01,42.14500045776367
2017-02-02,42.029998779296875
2017-02-03,42.32500076293945
2017-02-06,42.36000061035156
2017-02-07,42.529998779296875
2017-02-08,42.540000915527344
2017-02-09,42.91999816894531
2017-02-10,43.11000061035156
2017-02-13,43.4900016784668
2017-02-14,43.564998626708984
2017-02-15,43.775001525878906
2017-02-16,43.5
2017-02-17,43.6150016784668
2017-02-20,43.82500076293945
2017-02-21,44.20000076293945
2017-02-22,44.21500015258789
2017-02-23,44.084999084472656
2017-02-24,43.915000915527344
2017-02-27,43.834999084472656
2017-02-28,43.880001068115234
2017-03-01,44.54499816894531
2017-03-02,44.52000045776367
2017-03-03,44.314998626708984
2017-03-06,44.07500076293945
2017-03-07,44.05500030517578
2017-03-08,44.13999938964844
2017-03-09,44.0
2017-03-10,43.814998626708984
2017-03-13,43.90999984741211
2017-03-14,43.83000183105469
2017-03-15,44.084999084472656
2017-03-16,43.97999954223633
2017-03-17,43.96500015258789
2017-03-20,43.89500045776367
2017-03-21,43.349998474121094
2017-03-22,43.189998626708984
2017-03-23,43.52000045776367
2017-03-24,43.369998931884766
2017-03-27,42.939998626708984
2017-03-28,43.29499816894531
2017-03-29,43.720001220703125
2017-03-30,44.005001068115234
2017-03-31,44.09000015258789
2017-04-03,43.88999938964844
2017-04-04,43.994998931884766
2017-04-05,44.16999816894531
2017-04-06,44.064998626708984
2017-04-07,44.16999816894531
2017-04-10,44.220001220703125
2017-04-11,43.970001220703125
2017-04-12,44.07500076293945
2017-04-13,43.97999954223633
2017-04-18,43.54499816894531
2017-04-19,43.625
2017-04-20,43.494998931884766
2017-04-21,43.7599983215332
2017-04-24,43.7400016784668
2017-04-25,43.744998931884766
2017-04-26,44.099998474121094
2017-04-27,43.939998626708984
2017-04-28,43.78499984741211
2017-05-02,43.904998779296875
2017-05-03,43.80500030517578
2017-05-04,43.84000015258789
2017-05-05,43.81999969482422
2017-05-08,44.119998931884766
2017-05-09,44.279998779296875
2017-05-10,44.33000183105469
2017-05-11,44.165000915527344
2017-05-12,44.084999084472656
2017-05-15,44.130001068115234
2017-05-16,43.84000015258789
2017-05-17,43.14500045776367
2017-05-18,43.09000015258789
2017-05-19,43.18000030517578
2017-05-22,43.19499969482422
2017-05-23,43.310001373291016
2017-05-24,43.47999954223633
2017-05-25,43.51499938964844
2017-05-26,43.599998474121094
2017-05-29,43.625
2017-05-30,43.564998626708984
2017-05-31,43.310001373291016
2017-06-01,43.584999084472656
2017-06-02,43.709999084472656
2017-06-05,43.75
2017-06-06,43.595001220703125
2017-06-07,43.64500045776367
2017-06-08,43.76499938964844
2017-06-09,44.025001525878906
2017-06-12,43.689998626708984
2017-06-13,43.869998931884766
2017-06-14,43.67499923706055
2017-06-15,43.83000183105469
2017-06-16,43.79999923706055
2017-06-19,44.25
2017-06-20,44.20500183105469
2017-06-21,43.9900016784668
2017-06-22,44.04999923706055
2017-06-23,43.880001068115234
2017-06-26,43.92499923706055
2017-06-27,43.55500030517578
2017-06-28,43.3849983215332
2017-06-29,42.915000915527344
2017-06-30,42.880001068115234
2017-07-03,43.31999969482422
2017-07-04,43.18000030517578
2017-07-05,43.244998931884766
2017-07-06,42.880001068115234
2017-07-07,42.88999938964844
2017-07-10,43.02000045776367
2017-07-11,42.779998779296875
2017-07-12,43.29999923706055
2017-07-13,43.459999084472656
2017-07-14,43.36000061035156
2017-07-17,43.43000030517578
2017-07-18,42.97999954223633
2017-07-19,43.3849983215332
2017-07-20,43.064998626708984
2017-07-21,42.88999938964844
2017-07-24,42.85499954223633
2017-07-25,43.060001373291016
2017-07-26,43.130001068115234
2017-07-27,43.09000015258789
2017-07-28,42.584999084472656
2017-07-31,42.540000915527344
2017-08-01,42.6349983215332
2017-08-02,42.3650016784668
2017-08-03,42.349998474121094
2017-08-04,42.849998474121094
2017-08-07,42.720001220703125
2017-08-08,42.96500015258789
2017-08-09,42.654998779296875
2017-08-10,42.36000061035156
2017-08-11,41.959999084472656
2017-08-14,42.42499923706055
2017-08-15,42.560001373291016
2017-08-16,42.78499984741211
2017-08-17,42.435001373291016
2017-08-18,42.154998779296875
2017-08-21,41.834999084472656
2017-08-22,42.27000045776367
2017-08-23,42.1349983215332
2017-08-24,42.040000915527344
2017-08-25,41.939998626708984
2017-08-28,41.64500045776367
2017-08-29,41.314998626708984
2017-08-30,41.81999969482422
2017-08-31,42.185001373291016
2017-09-01,42.404998779296875
2017-09-04,42.099998474121094
2017-09-05,42.05500030517578
2017-09-06,42.0099983215332
2017-09-07,41.869998931884766
2017-09-08,41.89500045776367
2017-09-11,42.375
2017-09-12,42.57500076293945
2017-09-13,42.7599983215332
2017-09-14,42.84000015258789
2017-09-15,42.57500076293945
2017-09-18,42.72999954223633
2017-09-19,42.73500061035156
2017-09-20,42.65999984741211
2017-09-21,42.78499984741211
2017-09-22,42.68000030517578
2017-09-25,42.970001220703125
2017-09-26,43.22999954223633
2017-09-27,43.349998474121094
2017-09-28,43.35499954223633
2017-09-29,43.41999816894531
2017-10-02,43.80500030517578
2017-10-03,43.834999084472656
2017-10-04,43.900001525878906
2017-10-05,44.14500045776367
2017-10-06,44.04499816894531
2017-10-09,44.08000183105469
2017-10-10,43.90999984741211
2017-10-11,43.84000015258789
2017-10-12,43.900001525878906
2017-10-13,44.029998779296875
2017-10-16,44.130001068115234
2017-10-17,44.244998931884766
2017-10-18,44.29499816894531
2017-10-19,43.96500015258789
2017-10-20,44.314998626708984
2017-10-23,44.505001068115234
2017-10-24,44.3650016784668
2017-10-25,43.970001220703125
2017-10-26,44.51499938964844
2017-10-27,45.09000015258789
2017-10-30,44.880001068115234
2017-10-31,44.96500015258789
2017-11-01,45.154998779296875
2017-11-02,44.96500015258789
2017-11-03,45.220001220703125
2017-11-06,45.32500076293945
2017-11-07,45.40999984741211
2017-11-08,45.375
2017-11-09,44.98500061035156
2017-11-10,44.8650016784668
2017-11-13,44.83000183105469
2017-11-14,44.32500076293945
2017-11-15,44.095001220703125
2017-11-16,44.44499969482422
2017-11-17,44.32500076293945
2017-11-20,44.584999084472656
2017-11-21,44.875
2017-11-22,44.689998626708984
2017-11-23,44.55500030517578
2017-11-24,44.3849983215332
2017-11-27,44.30500030517578
2017-11-28,44.6150016784668
2017-11-29,44.82500076293945
2017-11-30,44.810001373291016
2017-12-01,44.42499923706055
2017-12-04,45.10499954223633
2017-12-05,45.095001220703125
2017-12-06,44.970001220703125
2017-12-07,45.05500030517578
2017-12-08,45.314998626708984
2017-12-11,45.31999969482422
2017-12-12,45.790000915527344
2017-12-13,45.685001373291016
2017-12-14,45.5099983215332
2017-12-15,45.619998931884766
2017-12-18,45.880001068115234
2017-12-19,45.65999984741211
2017-12-20,45.3849983215332
2017-12-21,45.584999084472656
2017-12-22,45.59000015258789
2017-12-27,45.564998626708984
2017-12-28,45.36000061035156
2017-12-29,45.18000030517578
2018-01-02,45.165000915527344
2018-01-03,45.5099983215332
2018-01-04,45.76499938964844
2018-01-05,46.08000183105469
2018-01-08,46.38999938964844
2018-01-09,46.75
2018-01-10,46.46500015258789
2018-01-11,46.32500076293945
2018-01-12,46.404998779296875
2018-01-15,46.150001525878906
2018-01-16,46.279998779296875
2018-01-17,46.224998474121094
2018-01-18,46.255001068115234
2018-01-19,46.40999984741211
2018-01-22,46.54999923706055
2018-01-23,46.7599983215332
2018-01-24,46.34000015258789
2018-01-25,46.064998626708984
2018-01-26,46.46500015258789
2018-01-29,46.6349983215332
2018-01-30,46.05500030517578
2018-01-31,45.875
2018-02-01,45.720001220703125
2018-02-02,45.255001068115234
2018-02-05,44.6349983215332
2018-02-06,43.095001220703125
2018-02-07,44.5099983215332
2018-02-08,43.6349983215332
2018-02-09,42.849998474121094
2018-02-12,43.5
2018-02-13,43.19499969482422
2018-02-14,43.5099983215332
2018-02-15,43.76499938964844
2018-02-16,44.48500061035156
2018-02-19,44.3650016784668
2018-02-20,44.630001068115234
2018-02-21,44.7400016784668
2018-02-22,44.58000183105469
2018-02-23,44.68000030517578
2018-02-26,45.154998779296875
2018-02-27,45.375
2018-02-28,45.01499938964844
2018-03-01,44.51499938964844
2018-03-02,43.41999816894531
2018-03-05,43.959999084472656
2018-03-06,43.95500183105469
2018-03-07,44.0099983215332
2018-03-08,44.46500015258789
2018-03-09,44.939998626708984
2018-03-12,45.19499969482422
2018-03-13,44.755001068115234
2018-03-14,44.57500076293945
2018-03-15,44.80500030517578
2018-03-16,44.88999938964844
2018-03-19,44.154998779296875
2018-03-20,44.47999954223633
2018-03-21,44.60499954223633
2018-03-22,43.790000915527344
2018-03-23,43.029998779296875
2018-03-26,42.505001068115234
2018-03-27,43.31999969482422
2018-03-28,42.89500045776367
2018-03-29,43.41999816894531
2018-04-03,43.04499816894531
2018-04-04,43.0
2018-04-05,44.22999954223633
2018-04-06,43.619998931884766
2018-04-09,43.64500045776367
2018-04-10,43.88999938964844
2018-04-11,43.630001068115234
2018-04-12,44.02000045776367
2018-04-13,43.95500183105469
2018-04-16,43.90999984741211
2018-04-17,44.44499969482422
2018-04-18,44.494998931884766
2018-04-19,44.35499954223633
2018-04-20,44.334999084472656
2018-04-23,44.619998931884766
2018-04-24,44.529998779296875
2018-04-25,44.095001220703125
2018-04-26,44.685001373291016
2018-04-27,44.880001068115234
2018-04-30,45.07500076293945
2018-05-02,45.150001525878906
2018-05-03,44.58000183105469
2018-05-04,45.334999084472656
2018-05-07,45.71500015258789
2018-05-08,45.7599983215332
2018-05-09,45.97999954223633
2018-05-10,46.29999923706055
2018-05-11,46.380001068115234
2018-05-14,46.435001373291016
2018-05-15,46.404998779296875
2018-05-16,46.75
2018-05-17,46.959999084472656
2018-05-18,46.83000183105469
2018-05-21,47.095001220703125
2018-05-22,47.150001525878906
2018-05-23,46.939998626708984
2018-05-24,46.79999923706055
2018-05-25,47.084999084472656
2018-05-28,47.130001068115234
2018-05-29,46.92499923706055
2018-05-30,46.900001525878906
2018-05-31,46.709999084472656
2018-06-01,47.029998779296875
2018-06-04,47.185001373291016
2018-06-05,47.185001373291016
2018-06-06,47.130001068115234
2018-06-07,47.08000183105469
2018-06-08,47.14500045776367
2018-06-11,47.28499984741211
2018-06-12,47.314998626708984
2018-06-13,47.435001373291016
2018-06-14,47.8849983215332
2018-06-15,47.599998474121094
2018-06-18,47.619998931884766
2018-06-19,47.400001525878906
2018-06-20,47.54499816894531
2018-06-21,47.279998779296875
2018-06-22,47.38999938964844
2018-06-25,46.34000015258789
2018-06-26,46.529998779296875
2018-06-27,46.974998474121094
2018-06-28,46.68000030517578
2018-06-29,46.80500030517578
2018-07-02,46.5099983215332
2018-07-03,46.7400016784668
2018-07-04,46.65999984741211
2018-07-05,46.61000061035156
2018-07-06,46.845001220703125
2018-07-09,47.209999084472656
2018-07-10,47.45500183105469
2018-07-11,47.099998474121094
2018-07-12,47.46500015258789
2018-07-13,47.68000030517578
2018-07-16,47.48500061035156
2018-07-17,47.6349983215332
2018-07-18,47.95000076293945
2018-07-19,48.0
2018-07-20,47.70000076293945
2018-07-23,47.619998931884766
2018-07-24,47.994998931884766
2018-07-25,48.0099983215332
2018-07-26,48.400001525878906
2018-07-27,48.404998779296875
2018-07-30,47.89500045776367
2018-07-31,47.95000076293945
2018-08-01,48.02000045776367
2018-08-02,48.05500030517578
2018-08-03,48.38999938964844
2018-08-06,48.60499954223633
2018-08-07,48.7599983215332
2018-08-08,48.71500015258789
2018-08-09,48.82500076293945
2018-08-10,48.95000076293945
2018-08-13,48.79499816894531
2018-08-14,49.04499816894531
2018-08-15,48.625
2018-08-16,48.845001220703125
2018-08-17,48.80500030517578
2018-08-20,48.915000915527344
2018-08-21,48.779998779296875
2018-08-22,48.60499954223633
2018-08-23,48.4900016784668
2018-08-24,48.564998626708984
2018-08-27,48.755001068115234
2018-08-28,48.650001525878906
2018-08-29,48.900001525878906
2018-08-30,48.89500045776367
2018-08-31,48.900001525878906
2018-09-03,48.92499923706055
2018-09-04,48.834999084472656
2018-09-05,48.290000915527344
2018-09-06,48.15999984741211
2018-09-07,48.3650016784668
2018-09-10,48.334999084472656
2018-09-11,48.38999938964844
2018-09-12,48.415000915527344
2018-09-13,48.380001068115234
2018-09-14,48.630001068115234
2018-09-17,48.45000076293945
2018-09-18,48.66999816894531
2018-09-19,48.80500030517578
2018-09-20,48.834999084472656
2018-09-21,49.05500030517578
2018-09-24,48.66999816894531
2018-09-25,48.83000183105469
2018-09-26,48.96500015258789
2018-09-27,49.22999954223633
2018-09-28,49.224998474121094
2018-10-01,49.63999938964844
2018-10-02,49.44499969482422
2018-10-03,49.709999084472656
2018-10-04,49.189998626708984
2018-10-05,48.915000915527344
2018-10-08,48.7400016784668
2018-10-09,48.89500045776367
2018-10-10,47.90999984741211
2018-10-11,46.619998931884766
2018-10-12,46.599998474121094
2018-10-15,46.65999984741211
2018-10-16,47.130001068115234
2018-10-17,47.275001525878906
2018-10-18,47.095001220703125
2018-10-19,47.165000915527344
2018-10-22,46.915000915527344
2018-10-23,46.025001525878906
2018-10-24,46.189998626708984
2018-10-25,46.2400016784668
2018-10-26,45.63999938964844
2018-10-29,45.834999084472656
2018-10-30,45.724998474121094
2018-10-31,46.82500076293945
2018-11-01,46.79499816894531
2018-11-02,46.70000076293945
2018-11-05,46.775001525878906
2018-11-06,46.91999816894531
2018-11-07,47.45500183105469
2018-11-08,47.814998626708984
2018-11-09,47.65999984741211
2018-11-12,47.29499816894531
2018-11-13,47.415000915527344
2018-11-14,46.845001220703125
2018-11-15,46.654998779296875
2018-11-16,46.60499954223633
2018-11-19,46.13999938964844
2018-11-20,45.45000076293945
2018-11-21,45.88999938964844
2018-11-22,45.369998931884766
2018-11-23,45.779998779296875
2018-11-26,46.1349983215332
2018-11-27,46.349998474121094
2018-11-28,46.625
2018-11-29,46.79499816894531
2018-11-30,47.025001525878906
2018-12-03,47.66999816894531
2018-12-04,47.349998474121094
2018-12-05,46.46500015258789
2018-12-06,45.11000061035156
2018-12-07,45.5
2018-12-10,44.525001525878906
2018-12-11,45.505001068115234
2018-12-12,45.90999984741211
2018-12-13,45.665000915527344
2018-12-14,45.36000061035156
2018-12-17,44.78499984741211
2018-12-18,44.185001373291016
2018-12-19,44.1349983215332
2018-12-20,42.959999084472656
2018-12-21,42.845001220703125
2018-12-24,41.80500030517578
2018-12-27,42.2599983215332
2018-12-28,42.97999954223633
2018-12-31,43.29999923706055
2019-01-02,43.435001373291016
2019-01-03,42.78499984741211
2019-01-04,43.779998779296875
2019-01-07,43.994998931884766
2019-01-08,44.19499969482422
2019-01-09,44.45000076293945
2019-01-10,44.53499984741211
2019-01-11,44.68000030517578
2019-01-14,44.584999084472656
2019-01-15,45.084999084472656
2019-01-16,45.3849983215332
2019-01-17,45.439998626708984
2019-01-18,46.314998626708984
2019-01-21,46.165000915527344
2019-01-22,45.91999816894531
2019-01-23,45.6150016784668
2019-01-24,45.89500045776367
2019-01-25,46.18000030517578
2019-01-28,45.58000183105469
2019-01-29,45.75
2019-01-30,46.084999084472656
2019-01-31,46.5
2019-02-01,46.525001525878906
2019-02-04,46.720001220703125
2019-02-05,47.2400016784668
2019-02-06,47.290000915527344
2019-02-07,46.65999984741211
2019-02-08,46.619998931884766
2019-02-11,47.119998931884766
2019-02-12,47.52000045776367
2019-02-13,47.76499938964844
2019-02-14,47.654998779296875
2019-02-15,48.220001220703125
2019-02-18,48.22999954223633
2019-02-19,48.17499923706055
2019-02-20,48.255001068115234
2019-02-21,48.19499969482422
2019-02-22,48.45500183105469
2019-02-25,48.67499923706055
2019-02-26,48.564998626708984
2019-02-27,48.369998931884766
2019-02-28,48.34000015258789
2019-03-01,48.38999938964844
2019-03-04,48.58000183105469
2019-03-05,48.67499923706055
2019-03-06,48.46500015258789
2019-03-07,48.459999084472656
2019-03-08,47.98500061035156
2019-03-11,48.64500045776367
2019-03-12,48.63999938964844
2019-03-13,48.94499969482422
2019-03-14,48.970001220703125
2019-03-15,49.23500061035156
2019-03-18,49.18000030517578
2019-03-19,49.470001220703125
2019-03-20,48.959999084472656
2019-03-21,49.314998626708984
2019-03-22,48.939998626708984
2019-03-25,48.66999816894531
2019-03-26,49.07500076293945
2019-03-27,49.03499984741211
2019-03-28,49.16999816894531
2019-03-29,49.53499984741211
2019-04-01,50.099998474121094
2019-04-02,50.29999923706055
2019-04-03,50.540000915527344
2019-04-04,50.375
2019-04-05,50.625
2019-04-08,50.46500015258789
2019-04-09,50.2400016784668
2019-04-10,50.34000015258789
2019-04-11,50.38999938964844
2019-04-12,50.42499923706055
2019-04-15,50.494998931884766
2019-04-16,50.709999084472656
2019-04-17,50.560001373291016
2019-04-18,50.7599983215332
2019-04-23,51.279998779296875
2019-04-24,51.34000015258789
2019-04-25,51.435001373291016
2019-04-26,51.459999084472656
2019-04-29,51.6150016784668
2019-04-30,51.345001220703125
2019-05-02,51.119998931884766
2019-05-03,51.4900016784668
2019-05-06,51.04999923706055
2019-05-07,50.595001220703125
2019-05-08,50.415000915527344
2019-05-09,49.55500030517578
2019-05-10,49.45000076293945
2019-05-13,49.10499954223633
2019-05-14,49.73500061035156
2019-05-15,49.939998626708984
2019-05-16,50.6349983215332
2019-05-17,50.5
2019-05-20,49.97999954223633
2019-05-21,50.279998779296875
2019-05-22,50.220001220703125
2019-05-23,49.54499816894531
2019-05-24,49.60499954223633
2019-05-27,49.73500061035156
2019-05-28,49.70000076293945
2019-05-29,49.1150016784668
2019-05-30,49.22999954223633
2019-05-31,48.89500045776367
2019-06-03,48.64500045776367
2019-06-04,48.95500183105469
2019-06-05,49.28499984741211
2019-06-06,49.435001373291016
2019-06-07,49.880001068115234
2019-06-10,50.349998474121094
2019-06-11,50.29499816894531
2019-06-12,50.10499954223633
2019-06-13,50.30500030517578
2019-06-14,50.400001525878906
2019-06-17,50.43000030517578
2019-06-18,51.18000030517578
2019-06-19,51.095001220703125
2019-06-20,51.27000045776367
2019-06-21,51.255001068115234
2019-06-24,50.89500045776367
2019-06-25,50.689998626708984
2019-06-26,50.51499938964844
2019-06-27,50.59000015258789
2019-06-28,50.79999923706055
2019-07-01,51.5
2019-07-02,51.59000015258789
2019-07-03,52.099998474121094
2019-07-04,52.220001220703125
2019-07-05,52.130001068115234
2019-07-08,52.029998779296875
2019-07-09,51.959999084472656
2019-07-10,52.02000045776367
2019-07-11,52.10499954223633
2019-07-12,52.20000076293945
2019-07-15,52.275001525878906
2019-07-16,52.45000076293945
2019-07-17,52.154998779296875
2019-07-18,51.875
2019-07-19,52.244998931884766
2019-07-22,52.029998779296875
2019-07-23,52.55500030517578
2019-07-24,52.755001068115234
2019-07-25,52.665000915527344
2019-07-26,52.96500015258789
2019-07-29,52.85499954223633
2019-07-30,52.54499816894531
2019-07-31,52.650001525878906
2019-08-01,52.959999084472656
2019-08-02,51.31999969482422
2019-08-05,49.974998474121094
2019-08-06,49.654998779296875
2019-08-07,49.775001525878906
2019-08-08,50.845001220703125
2019-08-09,50.5
2019-08-12,50.209999084472656
2019-08-13,50.73500061035156
2019-08-14,50.02000045776367
2019-08-15,49.915000915527344
2019-08-16,50.6349983215332
2019-08-19,51.23500061035156
2019-08-20,51.09000015258789
2019-08-21,51.31999969482422
2019-08-22,51.1150016784668
2019-08-23,50.3849983215332
2019-08-26,50.415000915527344
2019-08-27,50.685001373291016
2019-08-28,50.7400016784668
2019-08-29,51.435001373291016
2019-08-30,51.7599983215332
2019-09-02,51.81999969482422
2019-09-03,51.68000030517578
2019-09-04,51.959999084472656
2019-09-05,52.56999969482422
2019-09-06,52.599998474121094
2019-09-09,52.6349983215332
2019-09-10,52.404998779296875
2019-09-11,53.125
2019-09-12,53.224998474121094
2019-09-13,53.25
2019-09-16,53.244998931884766
2019-09-17,53.09000015258789
2019-09-18,53.005001068115234
2019-09-19,53.470001220703125
2019-09-20,53.560001373291016
2019-09-23,53.23500061035156
2019-09-24,53.19499969482422
2019-09-25,53.099998474121094
2019-09-26,53.189998626708984
2019-09-27,53.369998931884766
2019-09-30,53.459999084472656
2019-10-01,52.98500061035156
2019-10-02,51.58000183105469
2019-10-03,51.540000915527344
2019-10-04,52.279998779296875
2019-10-07,52.52000045776367
2019-10-08,51.81999969482422
2019-10-09,51.970001220703125
2019-10-10,52.375
2019-10-11,53.11000061035156
2019-10-14,52.834999084472656
2019-10-15,53.290000915527344
2019-10-16,53.084999084472656
2019-10-17,52.8849983215332
2019-10-18,52.70500183105469
2019-10-21,52.98500061035156
2019-10-22,53.10499954223633
2019-10-23,53.095001220703125
2019-10-24,53.41999816894531
2019-10-25,53.6349983215332
2019-10-28,53.79999923706055
2019-10-29,53.810001373291016
2019-10-30,53.665000915527344
2019-10-31,53.38999938964844
2019-11-01,53.8650016784668
2019-11-04,54.36000061035156
2019-11-05,54.63999938964844
2019-11-06,54.625
2019-11-07,55.08000183105469
2019-11-08,54.97999954223633
2019-11-11,54.880001068115234
2019-11-12,55.25
2019-11-13,55.125
2019-11-14,55.005001068115234
2019-11-15,55.255001068115234
2019-11-18,55.18000030517578
2019-11-19,55.18000030517578
2019-11-20,55.11000061035156
2019-11-21,54.85499954223633
2019-11-22,55.11000061035156
2019-11-25,55.67499923706055
2019-11-26,55.75
2019-11-27,56.0099983215332
2019-11-28,55.9900016784668
2019-11-29,55.7400016784668
2019-12-02,54.86000061035156
2019-12-03,54.36000061035156
2019-12-04,55.040000915527344
2019-12-05,54.8849983215332
2019-12-06,55.779998779296875
2019-12-09,55.58000183105469
2019-12-10,55.375
2019-12-11,55.380001068115234
2019-12-12,55.6349983215332
2019-12-13,55.73500061035156
2019-12-16,56.310001373291016
2019-12-17,56.1349983215332
2019-12-18,56.279998779296875
2019-12-19,56.36000061035156
2019-12-20,56.8849983215332
2019-12-23,56.84000015258789
2019-12-24,56.84000015258789
2019-12-27,56.779998779296875
2019-12-30,56.209999084472656
2019-12-31,56.11000061035156
2020-01-02,56.71500015258789
2020-01-03,56.685001373291016
2020-01-06,56.529998779296875
2020-01-07,56.900001525878906
2020-01-08,57.08000183105469
2020-01-09,57.46500015258789
2020-01-10,57.41999816894531
2020-01-13,57.375
2020-01-14,57.584999084472656
2020-01-15,57.61000061035156
2020-01-16,57.845001220703125
2020-01-17,58.29999923706055
2020-01-20,58.375
2020-01-21,58.29499816894531
2020-01-22,58.400001525878906
2020-01-23,58.185001373291016
2020-01-24,58.470001220703125
2020-01-27,57.22999954223633
2020-01-28,57.834999084472656
2020-01-29,58.0
2020-01-30,57.349998474121094
2020-01-31,56.689998626708984
2020-02-03,57.04999923706055
2020-02-04,58.08000183105469
2020-02-05,58.61000061035156
2020-02-06,59.04999923706055
2020-02-07,59.025001525878906
2020-02-10,59.165000915527344
2020-02-11,59.60499954223633
2020-02-12,59.94499969482422
2020-02-13,60.15999984741211
2020-02-14,60.15999984741211
2020-02-17,60.345001220703125
2020-02-18,59.95000076293945
2020-02-19,60.564998626708984
2020-02-20,59.904998779296875
2020-02-21,59.529998779296875
2020-02-24,57.54499816894531
2020-02-25,56.59000015258789
2020-02-26,56.39500045776367
2020-02-27,53.94499969482422
2020-02-28,51.78499984741211
2020-03-02,52.369998931884766
2020-03-03,52.970001220703125
2020-03-04,53.43000030517578
2020-03-05,53.040000915527344
2020-03-06,50.81999969482422
2020-03-09,47.720001220703125
2020-03-10,47.18000030517578
2020-03-11,47.26499938964844
2020-03-12,43.04499816894531
2020-03-13,43.755001068115234
2020-03-16,42.400001525878906
2020-03-17,43.209999084472656
2020-03-18,41.650001525878906
2020-03-19,42.3650016784668
2020-03-20,42.625
2020-03-23,40.19499969482422
2020-03-24,43.564998626708984
2020-03-25,44.78499984741211
2020-03-26,45.58000183105469
2020-03-27,44.4900016784668
2020-03-30,45.45000076293945
2020-03-31,46.13999938964844
2020-04-01,44.189998626708984
2020-04-02,44.59000015258789
2020-04-03,44.43000030517578
2020-04-06,46.29499816894531
2020-04-07,47.70000076293945
2020-04-08,47.69499969482422
2020-04-09,48.65999984741211
2020-04-14,49.040000915527344
2020-04-15,48.189998626708984
2020-04-16,48.69499969482422
2020-04-17,49.435001373291016
2020-04-20,49.78499984741211
2020-04-21,47.845001220703125
2020-04-22,48.90999984741211
2020-04-23,49.56999969482422
2020-04-24,49.09000015258789
2020-04-27,50.224998474121094
2020-04-28,50.58000183105469
2020-04-29,51.54999923706055
2020-04-30,50.51499938964844
2020-05-04,48.939998626708984
2020-05-05,50.48500061035156
2020-05-06,50.28499984741211
2020-05-07,50.834999084472656
2020-05-08,51.11000061035156
2020-05-11,51.29999923706055
2020-05-12,51.165000915527344
2020-05-13,50.0
2020-05-14,49.404998779296875
2020-05-15,49.82500076293945
2020-05-18,51.54999923706055
2020-05-19,51.35499954223633
2020-05-20,51.529998779296875
2020-05-21,51.025001525878906
2020-05-22,51.18000030517578
2020-05-25,52.1150016784668
2020-05-26,52.18000030517578
2020-05-27,52.060001373291016
2020-05-28,52.78499984741211
2020-05-29,51.77000045776367
2020-06-01,52.540000915527344
2020-06-02,52.68000030517578
2020-06-03,53.5
2020-06-04,53.040000915527344
2020-06-05,54.474998474121094
2020-06-08,54.51499938964844
2020-06-09,54.1150016784668
2020-06-10,53.8650016784668
2020-06-11,51.93000030517578
2020-06-12,51.89500045776367
2020-06-15,51.53499984741211
2020-06-16,53.29999923706055
2020-06-17,53.56999969482422
2020-06-18,53.35499954223633
2020-06-19,53.790000915527344
2020-06-22,53.125
2020-06-23,53.61000061035156
2020-06-24,52.209999084472656
2020-06-25,52.470001220703125
2020-06-26,52.220001220703125
2020-06-29,52.290000915527344
2020-06-30,52.70000076293945
2020-07-01,53.025001525878906
2020-07-02,53.845001220703125
2020-07-03,53.494998931884766
2020-07-06,54.18000030517578
2020-07-07,54.14500045776367
2020-07-08,53.53499984741211
2020-07-09,53.345001220703125
2020-07-10,53.810001373291016
2020-07-13,54.6349983215332
2020-07-14,53.619998931884766
2020-07-15,54.44499969482422
2020-07-16,54.099998474121094
2020-07-17,54.290000915527344
2020-07-20,54.57500076293945
2020-07-21,54.93000030517578
2020-07-22,54.310001373291016
2020-07-23,54.42499923706055
2020-07-24,53.375
2020-07-27,53.025001525878906
2020-07-28,53.38999938964844
2020-07-29,53.2599983215332
2020-07-30,52.72999954223633
2020-07-31,52.560001373291016
2020-08-03,53.70500183105469
2020-08-04,53.72999954223633
2020-08-05,53.65999984741211
2020-08-06,53.68000030517578
2020-08-07,54.13999938964844
2020-08-10,54.28499984741211
2020-08-11,54.7400016784668
2020-08-12,55.005001068115234
2020-08-13,54.869998931884766
2020-08-14,54.68000030517578
2020-08-17,54.71500015258789
2020-08-18,54.52000045776367
2020-08-19,54.83000183105469
2020-08-20,54.599998474121094
2020-08-21,54.92499923706055
2020-08-24,55.43000030517578
2020-08-25,55.470001220703125
2020-08-26,55.8849983215332
2020-08-27,56.279998779296875
2020-08-28,55.84000015258789
2020-08-31,55.625
2020-09-01,55.81999969482422
2020-09-02,56.810001373291016
2020-09-03,55.7599983215332
2020-09-04,54.584999084472656
2020-09-07,55.36000061035156
2020-09-08,54.404998779296875
2020-09-09,54.9900016784668
2020-09-10,54.79999923706055
2020-09-11,54.41999816894531
2020-09-14,54.875
2020-09-15,55.33000183105469
2020-09-16,55.5
2020-09-17,54.79499816894531
2020-09-18,54.29499816894531
2020-09-21,53.130001068115234
2020-09-22,53.79499816894531
2020-09-23,54.23500061035156
2020-09-24,53.619998931884766
2020-09-25,54.0
2020-09-28,55.119998931884766
2020-09-29,54.63999938964844
2020-09-30,54.959999084472656
2020-10-01,55.084999084472656
2020-10-02,54.88999938964844
2020-10-05,55.244998931884766
2020-10-06,55.400001525878906
2020-10-07,55.5
2020-10-08,55.939998626708984
2020-10-09,56.19499969482422
2020-10-12,56.95000076293945
2020-10-13,57.14500045776367
2020-10-14,56.904998779296875
2020-10-15,56.28499984741211
2020-10-16,56.82500076293945
2020-10-19,56.25
2020-10-20,55.65999984741211
2020-10-21,55.380001068115234
2020-10-22,55.404998779296875
2020-10-23,55.650001525878906
2020-10-26,54.7599983215332
2020-10-27,54.7400016784668
2020-10-28,53.584999084472656
2020-10-29,53.91999816894531
2020-10-30,53.51499938964844
2020-11-02,54.27000045776367
2020-11-03,55.189998626708984
2020-11-04,56.415000915527344
2020-11-05,56.80500030517578
2020-11-06,56.505001068115234
2020-11-09,58.46500015258789
2020-11-10,57.720001220703125
2020-11-11,58.474998474121094
2020-11-12,58.0
2020-11-13,57.970001220703125
2020-11-16,58.86000061035156
2020-11-17,58.665000915527344
2020-11-18,58.79499816894531
2020-11-19,58.279998779296875
2020-11-20,58.529998779296875
2020-11-23,58.45500183105469
2020-11-24,59.29999923706055
2020-11-25,59.150001525878906
2020-11-26,59.2400016784668
2020-11-27,59.209999084472656
2020-11-30,58.58000183105469
2020-12-01,59.165000915527344
2020-12-02,58.845001220703125
2020-12-03,58.849998474121094
2020-12-04,59.154998779296875
2020-12-07,59.16999816894531
2020-12-08,59.35499954223633
2020-12-09,59.48500061035156
2020-12-10,59.119998931884766
2020-12-11,58.72999954223633
2020-12-14,59.04499816894531
2020-12-15,59.0099983215332
2020-12-16,59.400001525878906
2020-12-17,59.41999816894531
2020-12-18,59.28499984741211
2020-12-21,58.630001068115234
2020-12-22,59.15999984741211
2020-12-23,59.400001525878906
2020-12-24,59.435001373291016
2020-12-28,59.7599983215332
2020-12-29,59.80500030517578
2020-12-30,59.665000915527344
2020-12-31,59.59000015258789
2021-01-04,59.30500030517578
2021-01-05,59.41999816894531
2021-01-06,60.27000045776367
2021-01-07,60.79999923706055
2021-01-08,61.099998474121094
2021-01-11,61.345001220703125
2021-01-12,61.29999923706055
2021-01-13,61.439998626708984
2021-01-14,61.7599983215332
2021-01-15,61.2599983215332
2021-01-18,61.35499954223633
2021-01-19,61.27000045776367
2021-01-20,62.095001220703125
2021-01-21,62.05500030517578
2021-01-22,61.65999984741211
2021-01-25,61.54999923706055
2021-01-26,61.84000015258789
2021-01-27,61.1349983215332
2021-01-28,61.189998626708984
2021-01-29,59.970001220703125
2021-02-01,60.75
2021-02-02,62.040000915527344
2021-02-03,62.119998931884766
2021-02-04,62.689998626708984
2021-02-05,62.915000915527344
2021-02-08,63.15999984741211
2021-02-09,63.08000183105469
2021-02-10,62.900001525878906
2021-02-11,63.14500045776367
2021-02-12,63.349998474121094
2021-02-15,63.89500045776367
2021-02-16,63.72999954223633
2021-02-17,63.54999923706055
2021-02-18,63.16999816894531
2021-02-19,63.380001068115234
2021-02-22,62.76499938964844
2021-02-23,62.32500076293945
2021-02-24,62.89500045776367
2021-02-25,62.275001525878906
2021-02-26,61.81999969482422
2021-03-01,63.029998779296875
2021-03-02,62.70500183105469
2021-03-03,62.53499984741211
2021-03-04,62.040000915527344
2021-03-05,61.334999084472656
2021-03-08,63.39500045776367
2021-03-09,63.650001525878906
2021-03-10,63.834999084472656
2021-03-11,64.21499633789062
2021-03-12,63.9900016784668
2021-03-15,64.32499694824219
2021-03-16,64.93000030517578
2021-03-17,64.5250015258789
2021-03-18,64.74500274658203
2021-03-19,64.30000305175781
2021-03-22,64.44999694824219
2021-03-23,64.51499938964844
2021-03-24,64.48500061035156
2021-03-25,64.25499725341797
2021-03-26,64.88999938964844
2021-03-29,65.13999938964844
2021-03-30,65.50499725341797
2021-03-31,65.66999816894531
2021-04-01,65.94000244140625
2021-04-06,66.56999969482422
2021-04-07,66.2249984741211
2021-04-08,66.61000061035156
2021-04-09,66.7699966430664
2021-04-12,66.73500061035156
2021-04-13,66.9000015258789
2021-04-14,66.8949966430664
2021-04-15,67.20999908447266
2021-04-16,67.44000244140625
2021-04-19,67.01499938964844
2021-04-20,66.08000183105469
2021-04-21,66.625
2021-04-22,67.01499938964844
2021-04-23,66.86000061035156
2021-04-26,67.05999755859375
2021-04-27,66.91999816894531
2021-04-28,66.94499969482422
2021-04-29,66.80000305175781
2021-04-30,66.9800033569336
2021-05-03,67.0999984741211
2021-05-04,66.30999755859375
2021-05-05,67.25
2021-05-06,66.83000183105469
2021-05-07,67.30500030517578
2021-05-10,67.22000122070312
2021-05-11,65.91999816894531
2021-05-12,65.69999694824219
2021-05-13,65.76000213623047
2021-05-14,66.37999725341797
2021-05-17,66.13500213623047
2021-05-18,66.11000061035156
2021-05-19,64.99500274658203
2021-05-20,66.16000366210938
2021-05-21,66.48500061035156
2021-05-24,66.80000305175781
2021-05-25,66.5199966430664
2021-05-26,66.7249984741211
2021-05-27,66.98999786376953
2021-05-28,67.2300033569336
2021-05-31,66.74500274658203
2021-06-01,66.94999694824219
2021-06-02,67.25
2021-06-03,67.33999633789062
2021-06-04,67.57499694824219
2021-06-07,67.47000122070312
2021-06-08,67.5250015258789
2021-06-09,67.65499877929688
2021-06-10,67.83000183105469
2021-06-11,68.2699966430664
2021-06-14,68.19999694824219
2021-06-15,68.29000091552734
2021-06-16,68.45999908447266
2021-06-17,69.11499786376953
2021-06-18,68.50499725341797
2021-06-21,68.81999969482422
2021-06-22,69.19999694824219
2021-06-23,68.94499969482422
2021-06-24,69.41000366210938
2021-06-25,69.55000305175781
2021-06-28,69.54000091552734
2021-06-29,69.83999633789062
2021-06-30,69.91000366210938
2021-07-01,70.0999984741211
2021-07-02,70.50499725341797
2021-07-05,70.69000244140625
2021-07-06,70.47000122070312
2021-07-07,70.94999694824219
2021-07-08,69.9800033569336
2021-07-09,70.74500274658203
2021-07-12,71.03500366210938
2021-07-13,71.41000366210938
2021-07-14,71.12999725341797
2021-07-15,70.88999938964844
2021-07-16,70.6500015258789
2021-07-19,69.2750015258789
2021-07-20,70.16000366210938
2021-07-21,70.69999694824219
2021-07-22,71.04000091552734
2021-07-23,71.81500244140625
2021-07-26,71.70500183105469
2021-07-27,71.01000213623047
2021-07-28,71.5199966430664
2021-07-29,71.55500030517578
2021-07-30,71.30500030517578
2021-08-02,71.48999786376953
2021-08-03,71.36000061035156
2021-08-04,71.69499969482422
2021-08-05,71.9800033569336
2021-08-06,72.42500305175781
2021-08-09,72.50499725341797
2021-08-10,72.73999786376953
2021-08-11,72.82499694824219
2021-08-12,72.93000030517578
2021-08-13,72.875
2021-08-16,72.625
2021-08-17,72.87000274658203
2021-08-18,72.86000061035156
2021-08-19,72.08999633789062
2021-08-20,72.5199966430664
2021-08-23,73.08000183105469
2021-08-24,73.11000061035156
2021-08-25,73.22000122070312
2021-08-26,72.94499969482422
2021-08-27,73.1500015258789
2021-08-30,73.49500274658203
2021-08-31,73.37999725341797
2021-09-01,73.34500122070312
2021-09-02,73.4800033569336
2021-09-03,73.38500213623047
2021-09-06,73.83999633789062
2021-09-07,73.4800033569336
2021-09-08,73.19999694824219
2021-09-09,73.33499908447266
2021-09-10,72.95999908447266
2021-09-13,72.88500213623047
2021-09-14,72.79000091552734
2021-09-15,72.5999984741211
2021-09-16,72.95999908447266
2021-09-17,72.69999694824219
2021-09-20,71.43000030517578
2021-09-21,71.97000122070312
2021-09-22,72.31999969482422
2021-09-23,72.93000030517578
2021-09-24,72.86000061035156
2021-09-27,72.93499755859375
2021-09-28,71.55999755859375
2021-09-29,72.13500213623047
2021-09-30,72.0
2021-10-01,71.5250015258789
2021-10-04,70.72000122070312
2021-10-05,71.93000030517578
2021-10-06,71.44999694824219
2021-10-07,73.01499938964844
2021-10-08,72.69499969482422
2021-10-11,72.8499984741211
2021-10-12,72.375
2021-10-13,72.18000030517578
2021-10-14,73.36499786376953
2021-10-15,73.93000030517578
2021-10-18,73.94499969482422
2021-10-19,74.31500244140625
2021-10-20,74.56999969482422
2021-10-21,74.43499755859375
2021-10-22,74.62000274658203
2021-10-25,75.0199966430664
2021-10-26,75.58999633789062
2021-10-27,75.25
2021-10-28,75.01000213623047
2021-10-29,75.74500274658203
2021-11-01,75.875
2021-11-02,76.1500015258789
2021-11-03,76.12999725341797
2021-11-04,76.91500091552734
2021-11-05,77.33499908447266
2021-11-08,77.13500213623047
2021-11-09,76.875
2021-11-10,77.1449966430664
2021-11-11,77.23500061035156
2021-11-12,77.70500183105469
2021-11-15,78.06500244140625
2021-11-16,78.72000122070312
2021-11-17,78.69000244140625
2021-11-18,78.4000015258789
2021-11-19,78.68499755859375
2021-11-22,79.12999725341797
2021-11-23,78.06999969482422
2021-11-24,78.76499938964844
2021-11-25,78.96499633789062
2021-11-26,76.23999786376953
2021-11-29,77.19000244140625
2021-11-30,76.32499694824219
2021-12-01,76.9800033569336
2021-12-02,75.63500213623047
2021-12-03,75.41000366210938
2021-12-06,76.28500366210938
2021-12-07,78.32499694824219
2021-12-08,77.69999694824219
2021-12-09,77.98999786376953
2021-12-10,77.5199966430664
2021-12-13,77.41000366210938
2021-12-14,76.6500015258789
2021-12-15,76.7699966430664
2021-12-16,77.8499984741211
2021-12-17,77.19000244140625
2021-12-20,75.48999786376953
2021-12-21,76.76000213623047
2021-12-22,77.48999786376953
2021-12-23,78.41000366210938
2021-12-24,78.43000030517578
2021-12-27,78.88999938964844
2021-12-28,79.3499984741211
2021-12-29,78.91999816894531
2021-12-30,79.33499908447266
2021-12-31,78.9800033569336
2022-01-03,79.13999938964844
2022-01-04,79.49500274658203
2022-01-05,79.26000213623047
2022-01-06,78.08000183105469
2022-01-07,77.4749984741211
2022-01-10,76.48500061035156
2022-01-11,77.4000015258789
2022-01-12,77.80500030517578
2022-01-13,77.54499816894531
2022-01-14,76.49500274658203
2022-01-17,77.125
2022-01-18,76.2699966430664
2022-01-19,75.95500183105469
2022-01-20,76.57499694824219
2022-01-21,74.80500030517578
2022-01-24,71.75
2022-01-25,72.54499816894531
2022-01-26,74.02999877929688
2022-01-27,74.42500305175781
2022-01-28,73.44499969482422
2022-01-31,74.99500274658203
2022-02-01,75.62999725341797
2022-02-02,75.80000305175781
2022-02-03,74.45500183105469
2022-02-04,73.68000030517578
2022-02-07,74.12000274658203
2022-02-08,74.48999786376953
2022-02-09,75.5199966430664
2022-02-10,75.05500030517578
2022-02-11,74.58999633789062
2022-02-14,73.83000183105469
2022-02-15,74.44000244140625
2022-02-16,74.12999725341797
2022-02-17,73.81999969482422
2022-02-18,72.94000244140625
2022-02-21,72.11000061035156
2022-02-22,72.29000091552734
2022-02-23,71.87999725341797
2022-02-24,70.91000366210938
2022-02-25,73.16999816894531
2022-02-28,73.54499816894531
2022-03-01,73.09500122070312
2022-03-02,73.9000015258789
2022-03-03,73.69999694824219
2022-03-04,73.02999877929688
2022-03-07,72.71499633789062
2022-03-08,71.11000061035156
2022-03-09,72.17500305175781
2022-03-10,71.69999694824219
2022-03-11,72.44999694824219
2022-03-14,71.65499877929688
2022-03-15,72.30000305175781
2022-03-16,73.75
2022-03-17,74.0199966430664
2022-03-18,75.16500091552734
2022-03-21,75.70999908447266
2022-03-22,76.51000213623047
2022-03-23,76.34500122070312
2022-03-24,76.30000305175781
2022-03-25,76.71499633789062
2022-03-28,76.95500183105469
2022-03-29,77.51499938964844
2022-03-30,77.16999816894531
2022-03-31,77.0999984741211
2022-04-01,76.8550033569336
2022-04-04,77.67500305175781
2022-04-05,77.95500183105469
2022-04-06,76.44999694824219
2022-04-07,76.25
2022-04-08,77.30500030517578
2022-04-11,76.15499877929688
2022-04-12,76.55999755859375
2022-04-13,76.22000122070312
2022-04-14,76.68000030517578
2022-04-19,76.74500274658203
2022-04-20,76.87999725341797
2022-04-21,76.87999725341797
2022-04-22,75.06500244140625
2022-04-25,73.70500183105469
2022-04-26,73.80999755859375
2022-04-27,74.4749984741211
2022-04-28,74.87999725341797
2022-04-29,75.05999755859375
2022-05-02,73.44499969482422
2022-05-03,74.5
2022-05-04,73.52999877929688
2022-05-05,73.70500183105469
2022-05-06,72.69999694824219
2022-05-09,70.79499816894531
2022-05-10,70.33000183105469
2022-05-11,71.25
2022-05-12,70.5999984741211
2022-05-13,72.29000091552734
2022-05-16,72.07499694824219
2022-05-17,72.375
2022-05-18,71.3550033569336
2022-05-19,70.02999877929688
2022-05-20,69.80500030517578
2022-05-23,70.62999725341797
2022-05-24,68.98999786376953
2022-05-25,70.2699966430664
2022-05-26,71.31500244140625
2022-05-27,72.69999694824219
2022-05-30,73.1449966430664
2022-05-31,72.48999786376953
2022-06-01,72.41500091552734
2022-06-02,72.56999969482422
2022-06-03,72.29000091552734
2022-06-06,72.98999786376953
2022-06-07,72.70999908447266
2022-06-08,72.84500122070312
2022-06-09,72.16000366210938
2022-06-10,69.9749984741211
2022-06-13,68.27999877929688
2022-06-14,67.76499938964844
2022-06-15,68.2750015258789
2022-06-16,66.19000244140625
2022-06-17,66.29499816894531
2022-06-20,66.625
2022-06-21,67.37000274658203
2022-06-22,67.26000213623047
2022-06-23,67.41500091552734
2022-06-24,68.99500274658203
2022-06-27,69.2249984741211
2022-06-28,69.19000244140625
2022-06-29,68.58000183105469
2022-06-30,67.90499877929688
2022-07-01,68.20500183105469
2022-07-04,68.63999938964844
2022-07-05,68.41000366210938
2022-07-06,69.9000015258789
2022-07-07,71.30500030517578
2022-07-08,71.80000305175781
2022-07-11,71.32499694824219
2022-07-12,71.49500274658203
2022-07-13,70.4000015258789
2022-07-14,69.79499816894531
2022-07-15,71.06999969482422
2022-07-18,71.36499786376953
2022-07-19,71.46499633789062
2022-07-20,72.42500305175781
2022-07-21,72.59500122070312
2022-07-22,72.58000183105469
2022-07-25,72.58000183105469
2022-07-26,72.46499633789062
2022-07-27,73.19499969482422
2022-07-28,74.16000366210938
2022-07-29,74.84500122070312
2022-08-01,74.9800033569336
2022-08-02,74.99500274658203
2022-08-03,75.7300033569336
2022-08-04,75.47000122070312
2022-08-05,75.33000183105469
2022-08-08,75.83499908447266
2022-08-09,75.05000305175781
2022-08-10,75.69999694824219
2022-08-11,76.15499877929688
2022-08-12,76.88999938964844
2022-08-15,77.73999786376953
2022-08-16,78.12000274658203
2022-08-17,77.49500274658203
2022-08-18,78.06500244140625
2022-08-19,77.58499908447266
2022-08-22,77.13999938964844
2022-08-23,76.56500244140625
2022-08-24,76.86000061035156
2022-08-25,77.24500274658203
2022-08-26,76.1449966430664
2022-08-29,74.7750015258789
2022-08-30,74.04000091552734
2022-08-31,73.30999755859375
2022-09-01,72.9000015258789
2022-09-02,73.8949966430664
2022-09-05,73.44000244140625
2022-09-06,73.3499984741211
2022-09-07,73.05000305175781
2022-09-08,74.11000061035156
2022-09-09,74.67500305175781
2022-09-12,75.20999908447266
2022-09-13,73.875
2022-09-14,73.30999755859375
2022-09-15,72.9000015258789
2022-09-16,71.52999877929688
2022-09-19,71.73500061035156
2022-09-20,71.6449966430664
2022-09-21,72.53500366210938
2022-09-22,70.94499969482422
2022-09-23,70.0999984741211
2022-09-26,70.3499984741211
2022-09-27,70.25
2022-09-28,70.51000213623047
2022-09-29,68.81500244140625
2022-09-30,69.30000305175781
2022-10-03,69.17500305175781
2022-10-04,70.5999984741211
2022-10-05,70.46499633789062
2022-10-06,71.0199966430664
2022-10-07,69.62999725341797
2022-10-10,69.33499908447266
2022-10-11,68.88500213623047
2022-10-12,68.62999725341797
2022-10-13,68.69999694824219
2022-10-14,68.93499755859375
2022-10-17,69.58499908447266
2022-10-18,69.7249984741211
2022-10-19,70.00499725341797
2022-10-20,70.12000274658203
2022-10-21,69.81999969482422
2022-10-24,70.54499816894531
2022-10-25,71.30999755859375
2022-10-26,71.44999694824219
2022-10-27,71.24500274658203
2022-10-28,71.81500244140625
2022-10-31,72.33999633789062
2022-11-01,72.46499633789062
2022-11-02,71.98999786376953
2022-11-03,71.22000122070312
2022-11-04,70.61000061035156
2022-11-07,70.88999938964844
2022-11-08,71.56500244140625
2022-11-09,70.78500366210938
2022-11-10,72.43000030517578
2022-11-11,72.20999908447266
2022-11-14,72.47000122070312
2022-11-15,72.86499786376953
2022-11-16,71.87999725341797
2022-11-17,71.56500244140625
2022-11-18,72.08499908447266
2022-11-21,72.32499694824219
2022-11-22,72.83000183105469
2022-11-23,73.1050033569336
2022-11-24,73.2249984741211
2022-11-25,73.125
2022-11-28,72.56999969482422
2022-11-29,72.13999938964844
2022-11-30,72.57499694824219
2022-12-01,73.32499694824219
2022-12-02,73.01000213623047
2022-12-05,72.37000274658203
2022-12-06,71.36000061035156
2022-12-07,70.9749984741211
2022-12-08,71.1500015258789
2022-12-09,71.4800033569336
2022-12-12,71.17500305175781
2022-12-13,72.19999694824219
2022-12-14,72.05000305175781
2022-12-15,69.56500244140625
2022-12-16,69.00499725341797
2022-12-19,68.73500061035156
2022-12-20,68.4749984741211
2022-12-21,69.73999786376953
2022-12-22,68.65499877929688
2022-12-23,68.81999969482422
2022-12-27,68.83000183105469
2022-12-28,68.45500183105469
2022-12-29,68.95999908447266
2022-12-30,68.28500366210938
2023-01-02,69.86000061035156
2023-01-03,69.16500091552734
2023-01-04,69.79000091552734
2023-01-05,69.38999938964844
2023-01-06,70.05500030517578
2023-01-09,70.47000122070312
2023-01-10,69.7249984741211
2023-01-11,70.34500122070312
2023-01-12,70.54499816894531
2023-01-13,70.7750015258789
2023-01-16,71.13500213623047
2023-01-17,71.33499908447266
2023-01-18,70.93000030517578
2023-01-19,69.875
2023-01-20,70.37999725341797
2023-01-23,71.43499755859375
2023-01-24,71.28500366210938
2023-01-25,70.72000122070312
2023-01-26,71.56500244140625
2023-01-27,72.2249984741211
2023-01-30,71.8550033569336
2023-01-31,71.79000091552734
2023-02-01,71.74500274658203
2023-02-02,73.44000244140625
2023-02-03,73.81999969482422
2023-02-06,73.44000244140625
2023-02-07,73.5999984741211
2023-02-08,73.5
2023-02-09,73.61000061035156
2023-02-10,73.23500061035156
2023-02-13,73.74500274658203
2023-02-14,73.41500091552734
2023-02-15,74.05500030517578
2023-02-16,73.98500061035156
2023-02-17,73.09500122070312
2023-02-20,73.23999786376953
2023-02-21,72.52999877929688
2023-02-22,72.47000122070312
2023-02-23,72.45500183105469
2023-02-24,72.0999984741211
2023-02-27,72.5
2023-02-28,72.25499725341797
2023-03-01,71.48500061035156
2023-03-02,71.83999633789062
2023-03-03,73.0250015258789
2023-03-06,73.30999755859375
2023-03-07,72.87999725341797
2023-03-08,72.78500366210938
2023-03-09,72.7699966430664
2023-03-10,71.2249984741211
2023-03-13,69.55000305175781
2023-03-14,70.58000183105469
2023-03-15,69.94999694824219
2023-03-16,70.91000366210938
2023-03-17,70.34500122070312
2023-03-20,70.3499984741211
2023-03-21,70.94000244140625
2023-03-22,71.05500030517578
2023-03-23,70.48999786376953
2023-03-24,70.30000305175781
2023-03-27,70.83999633789062
2023-03-28,70.49500274658203
2023-03-29,71.19999694824219
2023-03-30,71.56999969482422
2023-03-31,72.36499786376953
2023-04-03,72.54499816894531
2023-04-04,72.12999725341797
2023-04-05,71.97000122070312
2023-04-06,72.02999877929688
2023-04-11,72.5250015258789
2023-04-12,72.22000122070312
2023-04-13,72.0999984741211
2023-04-14,72.6449966430664
2023-04-17,72.96499633789062
2023-04-18,73.08499908447266
2023-04-19,72.98999786376953
2023-04-20,72.75
2023-04-21,72.7249984741211
2023-04-24,72.4000015258789
2023-04-25,72.2699966430664
2023-04-26,71.55000305175781
2023-04-27,71.92500305175781
2023-04-28,72.55500030517578
2023-05-02,71.8499984741211
2023-05-03,71.94999694824219
2023-05-04,71.48999786376953
2023-05-05,72.3949966430664
2023-05-08,72.625
2023-05-09,72.87999725341797
2023-05-10,72.78500366210938
2023-05-11,72.98500061035156
2023-05-12,73.26000213623047
2023-05-15,73.45500183105469
2023-05-16,73.33000183105469
2023-05-17,73.52999877929688
2023-05-18,74.58000183105469
2023-05-19,74.54000091552734
2023-05-22,74.80500030517578
2023-05-23,74.65499877929688
2023-05-24,73.48999786376953
2023-05-25,73.82499694824219
2023-05-26,74.88500213623047
2023-05-29,75.1050033569336
2023-05-30,74.76499938964844
2023-05-31,74.3499984741211
2023-06-01,74.33999633789062
2023-06-02,76.05999755859375
2023-06-05,76.30000305175781
2023-06-06,76.4000015258789
2023-06-07,76.26000213623047
2023-06-08,75.875
2023-06-09,76.24500274658203
2023-06-12,76.45999908447266
2023-06-13,77.16500091552734
2023-06-14,77.17500305175781
2023-06-15,76.90499877929688
2023-06-16,77.22000122070312
2023-06-19,76.73999786376953
2023-06-20,76.36499786376953
2023-06-21,76.01000213623047
2023-06-22,75.80999755859375
2023-06-23,75.7699966430664
2023-06-26,75.59500122070312
2023-06-27,75.5199966430664
2023-06-28,76.23999786376953
2023-06-29,76.52999877929688
2023-06-30,77.19499969482422
2023-07-03,77.4000015258789
2023-07-04,77.48500061035156
2023-07-05,77.41500091552734
2023-07-06,76.1500015258789
2023-07-07,76.1500015258789
2023-07-10,75.83000183105469
2023-07-11,76.1449966430664
2023-07-12,76.50499725341797
2023-07-13,76.50499725341797
2023-07-14,76.48999786376953
2023-07-17,76.41500091552734
2023-07-18,76.82499694824219
2023-07-19,77.50499725341797
2023-07-20,77.56999969482422
2023-07-21,77.67500305175781
2023-07-24,77.95999908447266
2023-07-25,78.36000061035156
2023-07-26,78.08499908447266
2023-07-27,79.20500183105469
2023-07-28,78.95500183105469
2023-07-31,78.98999786376953
2023-08-01,78.94999694824219
2023-08-02,78.0999984741211
2023-08-03,77.68499755859375
2023-08-04,77.59500122070312
2023-08-07,77.37999725341797
2023-08-08,77.22000122070312
2023-08-09,77.15499877929688
2023-08-10,77.53500366210938
2023-08-11,77.0250015258789
2023-08-14,77.51000213623047
2023-08-15,76.9800033569336
2023-08-16,76.84500122070312
2023-08-17,76.33999633789062
2023-08-18,75.72000122070312
2023-08-21,75.7750015258789
2023-08-22,76.51499938964844
2023-08-23,77.0
2023-08-24,76.69999694824219
2023-08-25,76.71499633789062
2023-08-28,77.31999969482422
2023-08-29,77.96499633789062
2023-08-30,77.91999816894531
2023-08-31,78.53500366210938
2023-09-01,78.88500213623047
2023-09-04,78.92500305175781
2023-09-05,79.20999908447266
2023-09-06,78.56999969482422
2023-09-07,78.48500061035156
2023-09-08,78.63500213623047
2023-09-11,78.63500213623047
2023-09-12,78.66999816894531
2023-09-13,78.63999938964844
2023-09-14,79.65499877929688
2023-09-15,79.29000091552734
2023-09-18,78.91000366210938
2023-09-19,78.55000305175781
2023-09-20,78.7750015258789
2023-09-21,77.5199966430664
2023-09-22,77.48999786376953
2023-09-25,77.44999694824219
2023-09-26,76.83000183105469
2023-09-27,77.04000091552734
2023-09-28,77.16000366210938
2023-09-29,77.29000091552734
2023-10-02,77.20500183105469
2023-10-03,76.25
2023-10-04,76.0
2023-10-05,75.96499633789062
2023-10-06,76.44000244140625
2023-10-09,76.95500183105469
2023-10-10,78.03500366210938
2023-10-11,77.70500183105469
2023-10-12,78.31999969482422
2023-10-13,77.83499908447266
2023-10-16,78.19999694824219
2023-10-17,77.9800033569336
2023-10-18,77.57499694824219
2023-10-19,76.72000122070312
2023-10-20,75.3550033569336
2023-10-23,75.05999755859375
2023-10-24,75.48500061035156
2023-10-25,75.16000366210938
2023-10-26,74.55500030517578
2023-10-27,73.9000015258789
2023-10-30,73.98999786376953
2023-10-31,74.67500305175781
2023-11-01,75.48500061035156
2023-11-02,76.58999633789062
2023-11-03,76.9749984741211
2023-11-06,76.7699966430664
2023-11-07,77.22000122070312
2023-11-08,76.95500183105469
2023-11-09,77.29499816894531
2023-11-10,77.11000061035156
2023-11-13,77.6500015258789
2023-11-14,78.16000366210938
2023-11-15,78.44000244140625
2023-11-16,77.98999786376953
2023-11-17,78.2699966430664
2023-11-20,78.33999633789062
2023-11-21,78.375
2023-11-22,79.02999877929688
2023-11-23,78.98999786376953
2023-11-24,78.83999633789062
2023-11-27,78.69999694824219
2023-11-28,78.55000305175781
2023-11-29,78.6050033569336
2023-11-30,78.97000122070312
2023-12-01,79.8499984741211
2023-12-04,79.76000213623047
2023-12-05,80.16000366210938
2023-12-06,80.27999877929688
2023-12-07,80.375
2023-12-08,80.875
2023-12-11,81.16000366210938
2023-12-12,81.13999938964844
2023-12-13,81.43499755859375
2023-12-14,81.40499877929688
2023-12-15,81.9749984741211
2023-12-18,82.01000213623047
2023-12-19,82.09500122070312
2023-12-20,82.3499984741211
2023-12-21,81.7300033569336
2023-12-22,82.04000091552734
2023-12-27,81.76000213623047
2023-12-28,82.05500030517578
2023-12-29,81.87000274658203
2024-01-02,82.21499633789062
2024-01-03,81.83000183105469
2024-01-04,81.78500366210938
2024-01-05,81.62999725341797
2024-01-08,81.80000305175781
2024-01-09,82.41500091552734
2024-01-10,82.40499877929688
2024-01-11,82.11499786376953
2024-01-12,82.68499755859375
2024-01-15,82.74500274658203
2024-01-16,82.94499969482422
2024-01-17,82.4000015258789
2024-01-18,82.7300033569336
2024-01-19,83.00499725341797
2024-01-22,83.94499969482422
2024-01-23,84.05500030517578
2024-01-24,84.50499725341797
2024-01-25,84.86000061035156
2024-01-26,84.97000122070312
2024-01-29,85.30000305175781
2024-01-30,85.54499816894531
2024-01-31,85.01499938964844
2024-02-01,84.69499969482422
2024-02-02,86.02999877929688
2024-02-05,86.17500305175781
2024-02-06,86.37000274658203
2024-02-07,86.7300033569336
2024-02-08,86.79000091552734
2024-02-09,86.93499755859375
2024-02-12,87.6500015258789
2024-02-13,86.80000305175781
2024-02-14,86.92500305175781
2024-02-15,87.33999633789062
2024-02-16,87.73500061035156
2024-02-19,87.5250015258789
2024-02-20,86.68000030517578
2024-02-21,86.58499908447266
2024-02-22,88.05000305175781
2024-02-23,88.38500213623047
2024-02-26,88.05999755859375
2024-02-27,87.93000030517578
2024-02-28,87.9800033569336
2024-02-29,88.18000030517578
2024-03-01,88.80000305175781
2024-03-04,88.79000091552734
2024-03-05,88.18499755859375
2024-03-06,88.47000122070312
2024-03-07,88.86499786376953
2024-03-08,88.93000030517578
2024-03-11,88.32499694824219
2024-03-12,89.07499694824219
2024-03-13,89.07499694824219
2024-03-14,89.12999725341797
2024-03-15,88.59500122070312
2024-03-18,89.3949966430664
2024-03-19,89.51499938964844
2024-03-20,89.72000122070312
2024-03-21,91.0199966430664
2024-03-22,90.9749984741211
2024-03-25,90.69999694824219
2024-03-26,90.90499877929688
2024-03-27,90.86499786376953
2024-03-28,91.44499969482422
2024-04-02,90.68499755859375
2024-04-03,90.76499938964844
2024-04-04,90.84500122070312
2024-04-05,90.19999694824219
2024-04-08,90.37999725341797
2024-04-09,89.8550033569336
2024-04-10,90.2750015258789
2024-04-11,90.4000015258789
2024-04-12,90.8499984741211
2024-04-15,90.6449966430664
2024-04-16,89.2300033569336
2024-04-17,88.76000213623047
2024-04-18,88.97000122070312
2024-04-19,88.0999984741211
2024-04-22,88.2750015258789
2024-04-23,89.23999786376953
2024-04-24,89.27999877929688
2024-04-25,88.19999694824219
2024-04-26,89.78500366210938
2024-04-29,89.81500244140625
2024-04-30,89.57499694824219
2024-05-02,88.91500091552734
2024-05-03,89.63999938964844
2024-05-06,90.31999969482422
2024-05-07,90.94000244140625
2024-05-08,90.94499969482422
2024-05-09,91.13999938964844
2024-05-10,91.44499969482422
2024-05-13,91.30000305175781
2024-05-14,91.25
2024-05-15,91.91500091552734
2024-05-16,92.29000091552734
2024-05-17,92.0
2024-05-20,92.5199966430664
2024-05-21,92.30999755859375
2024-05-22,92.34500122070312
2024-05-23,92.37000274658203
2024-05-24,92.02999877929688
2024-05-27,92.25
2024-05-28,91.87999725341797
2024-05-29,91.5250015258789
2024-05-30,91.2699966430664
2024-05-31,90.66999816894531
2024-06-03,91.34500122070312
2024-06-04,91.16999816894531
2024-06-05,92.26000213623047
2024-06-06,92.5999984741211
2024-06-07,93.05999755859375
2024-06-10,93.44999694824219
2024-06-11,93.31500244140625
2024-06-12,93.7750015258789
2024-06-13,93.7699966430664
2024-06-14,94.02999877929688
2024-06-17,94.08499908447266
2024-06-18,94.59500122070312
2024-06-19,94.7249984741211
2024-06-20,95.12000274658203
2024-06-21,94.75
2024-06-24,94.94999694824219
2024-06-25,94.87999725341797
2024-06-26,94.83499908447266
2024-06-27,94.83000183105469
2024-06-28,95.19000244140625
2024-07-01,94.63500213623047
2024-07-02,94.78500366210938
2024-07-03,95.08499908447266
2024-07-04,95.30000305175781
2024-07-05,95.33499908447266
2024-07-08,95.50499725341797
2024-07-09,95.66000366210938
2024-07-10,96.02999877929688
2024-07-11,95.86000061035156
2024-07-12,96.33999633789062
2024-07-15,96.33999633789062
2024-07-16,96.48500061035156
2024-07-17,95.4749984741211
2024-07-18,94.92500305175781
2024-07-19,94.37000274658203
2024-07-22,94.80999755859375
2024-07-23,95.70999908447266
2024-07-24,94.05000305175781
2024-07-25,93.55999755859375
2024-07-26,93.74500274658203
2024-07-29,93.91999816894531
2024-07-30,93.99500274658203
2024-07-31,95.38999938964844
2024-08-01,94.45500183105469
2024-08-02,90.66500091552734
2024-08-05,88.625
2024-08-06,89.41500091552734
2024-08-07,90.66000366210938
2024-08-08,90.66000366210938
2024-08-09,91.0250015258789
2024-08-12,91.17500305175781
2024-08-13,92.06999969482422
2024-08-14,92.30000305175781
2024-08-15,93.92500305175781
2024-08-16,94.03500366210938
2024-08-19,94.30999755859375
2024-08-20,94.0999984741211
2024-08-21,94.19000244140625
2024-08-22,94.34500122070312
2024-08-23,94.375
2024-08-26,94.30999755859375
2024-08-27,94.37000274658203
2024-08-28,94.33999633789062
2024-08-29,95.40499877929688
2024-08-30,95.08000183105469
2024-09-02,95.66999816894531
2024-09-03,94.73500061035156
2024-09-04,93.62000274658203
2024-09-05,92.9749984741211
2024-09-06,91.82499694824219
2024-09-09,92.8550033569336
2024-09-10,93.02999877929688
2024-09-11,92.56999969482422
2024-09-12,94.29499816894531
2024-09-13,94.98500061035156
2024-09-16,94.58000183105469
2024-09-17,95.13999938964844
2024-09-18,94.65499877929688
2024-09-19,95.98500061035156
2024-09-20,95.375
2024-09-23,96.00499725341797
2024-09-24,96.04000091552734
2024-09-25,96.08000183105469
2024-09-26,96.31999969482422
2024-09-27,96.66500091552734
2024-09-30,96.36499786376953
2024-10-01,96.55500030517578
2024-10-02,96.91999816894531
2024-10-03,96.69000244140625
2024-10-04,97.29000091552734
2024-10-07,97.58999633789062
2024-10-08,97.54000091552734
2024-10-09,98.25499725341797
2024-10-10,98.47000122070312
2024-10-11,98.83000183105469
2024-10-14,99.625
2024-10-15,99.38500213623047
2024-10-16,99.38500213623047
2024-10-17,100.23500061035156
2024-10-18,100.125
2024-10-21,99.71499633789062
2024-10-22,99.86000061035156
2024-10-23,99.49500274658203
2024-10-24,99.38999938964844
2024-10-25,99.7300033569336
2024-10-28,99.66000366210938
2024-10-29,99.7699966430664
2024-10-30,99.29000091552734
2024-10-31,97.55000305175781
2024-11-01,98.30999755859375
2024-11-04,97.4749984741211
2024-11-05,97.98999786376953
2024-11-06,100.98999786376953
2024-11-07,101.6500015258789
2024-11-08,102.3499984741211
2024-11-11,103.49500274658203
2024-11-12,103.11499786376953
2024-11-13,103.48500061035156
2024-11-14,103.42500305175781
2024-11-15,102.13999938964844
2024-11-18,102.40499877929688
2024-11-19,102.27999877929688
2024-11-20,102.36000061035156
2024-11-21,103.74500274658203
2024-11-22,104.87999725341797
2024-11-25,104.68499755859375
2024-11-26,104.80500030517578
2024-11-27,103.93499755859375
2024-11-28,104.43499755859375
2024-11-29,104.83000183105469
2024-12-02,105.69999694824219
2024-12-03,105.62999725341797
2024-12-04,105.95500183105469
2024-12-05,105.86499786376953
2024-12-06,105.88999938964844
2024-12-09,105.55000305175781
2024-12-10,105.70999908447266
2024-12-11,106.34500122070312
2024-12-12,106.1449966430664
2024-12-13,105.63500213623047
2024-12-16,105.7750015258789
2024-12-17,105.48999786376953
2024-12-18,105.68499755859375
2024-12-19,104.0199966430664
2024-12-20,104.16999816894531
2024-12-23,103.9749984741211
2024-12-24,104.86000061035156
2024-12-27,104.48999786376953
2024-12-30,103.93499755859375
2024-12-31,104.16000366210938
2025-01-02,105.30000305175781
2025-01-03,105.08999633789062
2025-01-06,105.7750015258789
2025-01-07,105.05000305175781
2025-01-08,105.08000183105469
2025-01-09,105.1500015258789
2025-01-10,104.13999938964844
2025-01-13,103.97000122070312
2025-01-14,103.83000183105469
2025-01-15,105.45999908447266
2025-01-16,105.7699966430664
2025-01-17,106.71499633789062
2025-01-20,106.18000030517578
2025-01-21,106.26000213623047
2025-01-22,107.19000244140625
2025-01-23,107.33000183105469
2025-01-24,106.86000061035156
2025-01-27,105.1050033569336
2025-01-28,106.48500061035156
2025-01-29,106.81999969482422
2025-01-30,107.08000183105469
2025-01-31,108.18000030517578
2025-02-03,107.24500274658203
2025-02-04,107.20500183105469
2025-02-05,106.91500091552734
2025-02-06,108.125
2025-02-07,107.91999816894531
2025-02-10,108.51499938964844
2025-02-11,108.2750015258789
2025-02-12,107.55999755859375
2025-02-13,108.125
2025-02-14,107.875
2025-02-17,108.41000366210938
2025-02-18,108.44999694824219
2025-02-19,108.81999969482422
2025-02-20,107.77999877929688
2025-02-21,107.82499694824219
2025-02-24,106.62999725341797
2025-02-25,105.0
2025-02-26,106.38500213623047
2025-02-27,106.57499694824219
2025-02-28,105.44499969482422
2025-03-03,105.75
2025-03-04,102.20999908447266
2025-03-05,100.74500274658203
2025-03-06,101.04499816894531
2025-03-07,99.16999816894531
2025-03-10,98.43000030517578
2025-03-11,96.38999938964844
2025-03-12,97.3949966430664
2025-03-13,96.7249984741211
2025-03-14,97.81500244140625
2025-03-17,98.25
2025-03-18,97.86499786376953
2025-03-19,98.86499786376953
2025-03-20,99.18499755859375
2025-03-21,98.9800033569336
2025-03-24,100.68499755859375
2025-03-25,100.83999633789062
2025-03-26,100.3499984741211
2025-03-27,99.94499969482422
2025-03-28,97.82499694824219
2025-03-31,97.125
2025-04-01,98.37999725341797
2025-04-02,98.31500244140625
2025-04-03,93.5199966430664
2025-04-04,89.11499786376953
2025-04-07,86.5
2025-04-08,89.44999694824219
2025-04-09,85.32499694824219
2025-04-10,88.70500183105469
2025-04-11,87.80500030517578
2025-04-14,90.33999633789062
2025-04-15,91.2300033569336
2025-04-16,90.125
2025-04-17,89.2699966430664
2025-04-22,88.52999877929688
2025-04-23,91.25499725341797
2025-04-24,91.91500091552734
2025-04-25,92.41000366210938
2025-04-28,92.55500030517578
2025-04-29,92.98999786376953
2025-04-30,93.33000183105469
2025-05-02,95.61499786376953
2025-05-05,95.75499725341797
2025-05-06,95.29000091552734
2025-05-07,94.79499816894531
2025-05-08,96.3550033569336
2025-05-09,96.28500366210938
2025-05-12,99.44999694824219
2025-05-13,100.11000061035156
2025-05-14,99.83000183105469
2025-05-15,100.21499633789062
2025-05-16,100.94499969482422
2025-05-19,100.3550033569336
2025-05-20,100.58000183105469
2025-05-21,99.83499908447266
2025-05-22,99.03500366210938
2025-05-23,97.99500274658203
2025-05-26,98.88999938964844
2025-05-27,99.62999725341797
2025-05-28,99.76000213623047
2025-05-29,99.2699966430664
2025-05-30,99.2750015258789
2025-06-02,98.80000305175781
2025-06-03,100.05999755859375
2025-06-04,100.05999755859375
2025-06-05,100.1449966430664
2025-06-06,100.52999877929688
2025-06-09,100.45999908447266
2025-06-10,100.51499938964844
2025-06-11,100.44000244140625
2025-06-12,99.57499694824219
2025-06-13,99.24500274658203
2025-06-16,99.5999984741211
2025-06-17,99.36499786376953
2025-06-18,99.33499908447266
2025-06-19,98.55000305175781
2025-06-20,98.82499694824219
2025-06-23,98.63500213623047
2025-06-24,99.55500030517578
2025-06-25,99.45500183105469
2025-06-26,99.5250015258789
2025-06-27,100.36499786376953
2025-06-30,100.1449966430664
2025-07-01,99.99500274658203
2025-07-02,100.19999694824219
2025-07-03,101.25
2025-07-04,100.55000305175781
2025-07-07,100.8550033569336
2025-07-08,100.83999633789062
2025-07-09,101.24500274658203
2025-07-10,101.93499755859375
2025-07-11,101.29499816894531
2025-07-14,101.44999694824219
2025-07-15,102.04000091552734
2025-07-16,100.61000061035156
2025-07-17,102.53500366210938
2025-07-18,102.18499755859375
2025-07-21,102.30999755859375
2025-07-22,101.62999725341797
2025-07-23,102.48500061035156
2025-07-24,102.71499633789062
2025-07-25,102.93000030517578
2025-07-28,103.80500030517578
2025-07-29,104.23500061035156
2025-07-30,104.69499969482422
2025-07-31,104.93499755859375
2025-08-01,101.83000183105469
2025-08-04,103.04499816894531
2025-08-05,102.80000305175781
2025-08-06,103.0199966430664
2025-08-07,103.24500274658203
2025-08-08,103.53500366210938
2025-08-11,104.16000366210938
2025-08-12,104.18499755859375
2025-08-13,104.30999755859375
2025-08-14,104.86000061035156
2025-08-15,104.57499694824219
2025-08-18,104.75
2025-08-19,104.73500061035156
2025-08-20,104.1500015258789
2025-08-21,104.55000305175781
2025-08-22,105.1050033569336
2025-08-25,105.00499725341797
2025-08-26,104.79000091552734
2025-08-27,105.625
2025-08-28,105.32499694824219
2025-08-29,104.58999633789062
2025-09-01,104.83000183105469
2025-09-02,103.69000244140625
2025-09-03,104.375
2025-09-04,105.2699966430664
2025-09-05,104.5250015258789
2025-09-08,105.19999694824219
2025-09-09,105.19000244140625
2025-09-10,105.7750015258789
2025-09-11,106.44499969482422
2025-09-12,106.48999786376953
2025-09-15,106.63500213623047
2025-09-16,105.73999786376953
2025-09-17,105.65499877929688
2025-09-18,106.80999755859375
2025-09-19,106.92500305175781
2025-09-22,107.17500305175781
2025-09-23,107.24500274658203
2025-09-24,107.11000061035156
2025-09-25,106.9749984741211
2025-09-26,107.05000305175781
2025-09-29,107.37000274658203
2025-09-30,107.22000122070312
2025-10-01,108.0199966430664
2025-10-02,108.4000015258789
2025-10-03,108.86499786376953
2025-10-06,109.23999786376953
2025-10-07,109.06500244140625
2025-10-08,109.99500274658203
2025-10-09,110.03500366210938
2025-10-10,107.91500091552734
2025-10-13,108.75499725341797
2025-10-14,108.20999908447266
2025-10-15,108.93000030517578
2025-10-16,108.75
2025-10-17,107.66999816894531
2025-10-20,109.50499725341797
2025-10-21,109.94499969482422
2025-10-22,109.32499694824219
2025-10-23,109.75
2025-10-24,110.58499908447266
2025-10-27,111.36000061035156
2025-10-28,111.56999969482422
2025-10-29,111.75
2025-10-30,111.91500091552734
2025-10-31,111.78500366210938
2025-11-03,111.94999694824219
2025-11-04,111.55000305175781
2025-11-05,111.73999786376953
2025-11-06,110.22000122070312
2025-11-07,108.76499938964844
2025-11-10,110.93499755859375
2025-11-11,111.33999633789062
2025-11-12,111.95999908447266
2025-11-13,110.51499938964844
2025-11-14,110.19999694824219
2025-11-17,109.75
2025-11-18,108.28500366210938
2025-11-19,108.58000183105469
2025-11-20,109.23500061035156
2025-11-21,108.1050033569336
2025-11-24,109.53500366210938
2025-11-25,109.82499694824219
2025-11-26,111.06999969482422
2025-11-27,110.99500274658203
2025-11-28,111.4000015258789
2025-12-01,110.97000122070312
2025-12-02,110.98999786376953
2025-12-03,111.03500366210938
2025-12-04,111.27999877929688
